0.67,0.13,0.32,-10.01,-91.00,20.51
0.66,0.15,0.27,-8.06,-88.56,21.61
0.67,0.16,0.25,-6.23,-85.14,23.68
0.67,0.18,0.25,-4.64,-81.30,25.21
0.67,0.16,0.25,-2.87,-77.51,26.43
0.65,0.18,0.26,-0.31,-72.94,27.22
0.62,0.18,0.32,3.30,-67.87,28.02
0.58,0.15,0.44,7.26,-63.23,28.99
0.61,0.10,0.55,9.70,-61.28,28.14
0.64,0.07,0.58,10.86,-64.21,25.21
0.61,0.07,0.56,9.77,-69.70,21.55
0.58,0.08,0.51,9.16,-73.97,17.70
0.57,0.08,0.48,11.96,-75.26,14.28
0.56,0.08,0.49,13.92,-74.77,12.08
0.55,0.09,0.50,13.92,-73.49,10.25
0.55,0.13,0.53,14.47,-72.33,8.73
0.58,0.17,0.58,17.15,-71.23,8.24
0.57,0.22,0.67,24.72,-69.76,9.46
0.57,0.23,0.77,34.67,-69.40,12.39
0.61,0.21,0.86,41.75,-70.92,15.56
0.62,0.16,0.89,45.72,-75.38,16.17
0.56,0.14,0.85,40.89,-82.28,14.40
0.50,0.17,0.78,28.32,-88.01,12.70
0.49,0.17,0.71,17.88,-90.52,12.88
0.50,0.14,0.64,10.99,-90.82,15.20
0.50,0.09,0.58,6.71,-89.72,16.78
0.48,0.04,0.55,6.04,-86.49,16.24
0.46,0.01,0.59,7.08,-81.24,14.28
0.46,0.03,0.68,10.56,-74.77,11.72
0.46,0.07,0.80,20.14,-70.31,9.70
0.45,0.10,0.90,32.04,-70.01,9.22
0.42,0.14,0.99,44.01,-72.45,10.31
0.43,0.16,1.08,56.34,-76.17,11.84
0.46,0.16,1.17,62.50,-82.64,13.55
0.48,0.16,1.15,59.75,-92.41,14.53
0.43,0.18,0.99,50.72,-104.74,14.95
0.41,0.19,0.79,36.32,-113.53,18.13
0.39,0.17,0.63,21.48,-115.23,23.56
0.37,0.10,0.52,10.50,-110.66,28.44
0.30,0.02,0.53,1.46,-101.14,31.01
0.25,-0.03,0.64,-2.50,-89.17,30.33
0.21,-0.04,0.78,1.65,-80.02,27.16
0.16,0.02,0.96,8.91,-75.20,23.44
0.18,0.13,1.07,20.81,-76.23,21.24
0.18,0.24,1.13,39.18,-82.95,23.68
0.19,0.33,1.16,60.36,-92.35,30.82
0.27,0.31,1.10,79.83,-102.78,39.43
0.26,0.21,0.97,94.12,-113.10,45.59
0.18,0.08,0.86,94.18,-118.96,49.50
0.10,-0.07,0.82,82.95,-118.16,52.61
0.09,-0.23,0.81,66.28,-114.26,53.34
0.11,-0.33,0.74,41.38,-111.21,49.80
0.08,-0.35,0.68,13.24,-107.48,44.25
0.04,-0.33,0.68,-2.44,-99.06,37.17
0.02,-0.22,0.76,0.06,-87.40,28.26
0.04,-0.09,0.85,15.44,-76.90,18.80
0.04,0.01,0.91,32.65,-70.62,12.70
0.02,0.10,0.94,43.03,-67.32,10.86
-0.01,0.12,0.98,47.91,-63.54,12.63
-0.02,0.07,1.02,47.30,-59.20,16.66
-0.02,0.03,1.06,43.33,-56.03,20.08
-0.03,-0.01,1.10,38.39,-54.44,21.73
-0.01,-0.06,1.13,27.89,-55.05,23.19
0.03,-0.09,1.12,13.49,-58.23,24.11
-0.01,-0.15,1.06,6.77,-63.72,23.80
-0.10,-0.19,1.00,3.60,-68.73,22.64
-0.10,-0.16,0.95,1.89,-70.98,19.04
-0.10,-0.14,0.89,7.14,-71.59,15.69
-0.14,-0.13,0.82,16.66,-71.23,13.55
-0.15,-0.09,0.74,25.33,-68.91,10.68
-0.18,-0.04,0.69,30.09,-63.48,7.63
-0.22,0.01,0.69,32.71,-54.44,5.37
-0.22,0.10,0.76,34.06,-42.11,3.30
-0.19,0.17,0.87,36.93,-29.97,2.26
-0.17,0.19,0.97,35.95,-21.67,4.15
-0.18,0.15,1.03,29.30,-18.86,9.40
-0.23,0.05,1.08,22.77,-19.71,15.32
-0.23,-0.07,1.13,16.54,-22.09,19.35
-0.22,-0.18,1.15,14.16,-24.17,19.96
-0.24,-0.25,1.15,18.62,-27.22,17.03
-0.23,-0.25,1.11,25.57,-31.07,11.47
-0.22,-0.18,1.04,29.91,-34.79,5.74
-0.19,-0.05,1.01,33.57,-37.17,1.77
0.11,0.27,1.18,44.98,-39.12,1.16
0.08,0.34,1.00,83.62,-52.06,4.09
-0.52,0.28,0.93,78.86,-50.17,15.08
-0.47,-0.03,1.00,38.57,-32.59,35.83
-0.36,-0.37,0.89,23.38,-28.08,41.32
-0.38,-0.43,0.88,21.61,-20.08,32.78
-0.42,-0.33,0.93,28.44,-6.23,17.46
-0.38,-0.21,0.95,28.20,6.96,5.25
-0.34,-0.08,1.02,16.91,18.92,0.92
-0.35,0.00,1.12,8.06,29.48,1.77
-0.34,-0.02,1.25,9.34,38.94,5.92
-0.30,-0.15,1.38,11.72,45.65,10.86
-0.26,-0.32,1.49,5.80,46.69,13.00
-0.29,-0.40,1.54,-9.52,39.92,10.68
-0.26,-0.38,1.48,-21.67,27.34,4.15
-0.22,-0.33,1.29,-24.41,13.55,-1.40
-0.23,-0.26,1.05,-19.84,4.64,-3.60
-0.22,-0.22,0.87,-6.71,5.19,-4.15
-0.21,-0.21,0.71,4.58,12.39,-4.03
-0.19,-0.18,0.62,7.08,24.05,-3.78
-0.13,-0.16,0.55,2.99,39.67,-4.09
-0.13,-0.17,0.50,-3.91,57.31,-4.09
-0.14,-0.14,0.55,-10.50,76.54,-4.58
-0.08,-0.12,0.65,-13.43,95.70,-6.71
-0.02,-0.12,0.73,-15.50,110.72,-7.14
-0.04,-0.05,0.88,-19.78,120.91,-6.04
0.01,0.01,1.04,-22.09,126.28,-5.49
0.09,0.02,1.13,-23.07,124.27,-3.17
0.11,0.01,1.15,-28.32,117.19,2.14
0.11,-0.00,1.11,-33.14,108.64,7.26
0.08,-0.06,1.00,-35.40,101.01,11.47
0.07,-0.14,0.88,-35.03,97.05,14.28
0.06,-0.15,0.78,-32.17,98.75,14.28
0.08,-0.09,0.81,-23.13,104.31,10.99
0.14,-0.03,0.85,-5.13,108.58,8.06
0.17,-0.06,0.86,16.48,109.31,9.16
0.16,-0.14,0.95,28.50,109.37,12.39
0.19,-0.19,1.05,27.65,109.86,13.92
0.19,-0.19,1.12,20.94,107.54,13.49
0.19,-0.13,1.14,11.54,101.56,12.15
0.21,-0.05,0.99,4.58,93.26,11.96
0.21,-0.12,0.82,3.36,88.38,14.40
0.23,-0.24,0.74,0.67,91.86,16.60
0.24,-0.35,0.72,-10.68,100.34,15.75
0.18,-0.34,0.82,-26.12,109.80,10.31
0.19,-0.26,0.93,-37.84,116.82,1.77
0.25,-0.16,1.01,-45.72,118.96,-4.03
0.33,-0.03,1.07,-46.39,116.58,-7.26
0.38,0.07,1.10,-35.16,110.05,-7.08
0.39,0.09,1.10,-16.36,100.22,-3.48
0.41,0.11,1.00,-3.85,89.72,1.22
0.37,0.06,0.78,2.26,82.03,6.35
0.37,-0.02,0.64,0.67,83.62,10.62
0.41,-0.00,0.59,-10.62,94.36,12.08
0.45,0.05,0.64,-22.58,108.15,12.45
0.47,0.09,0.74,-30.94,118.65,14.83
0.50,0.07,0.79,-32.04,123.84,18.43
0.50,0.00,0.83,-25.09,126.22,21.61
0.50,-0.09,0.89,-17.21,128.05,22.64
0.50,-0.16,0.97,-14.71,128.78,20.81
0.51,-0.20,1.06,-19.65,127.26,16.85
0.52,-0.20,1.15,-29.97,123.66,11.84
0.51,-0.21,1.24,-37.84,119.63,6.35
0.56,-0.20,1.30,-43.46,113.10,1.04
0.59,-0.15,1.29,-45.29,102.11,-3.78
0.58,-0.08,1.21,-39.18,88.26,-7.39
0.59,-0.03,1.07,-26.86,74.83,-10.38
0.58,0.04,0.92,-13.73,63.29,-11.78
0.59,0.09,0.76,-2.93,55.18,-11.11
0.62,0.07,0.53,5.43,50.11,-8.18
0.63,-0.01,0.45,9.58,51.88,-5.13
0.66,-0.01,0.46,8.24,59.57,-4.52
0.68,0.02,0.51,8.79,68.24,-5.00
0.70,0.02,0.56,11.78,75.74,-4.52
0.71,0.01,0.60,11.60,81.05,-4.09
0.72,-0.00,0.61,7.45,84.17,-3.78
0.74,-0.00,0.62,2.20,86.67,-3.48
0.74,-0.03,0.63,0.12,89.48,-3.54
0.72,-0.02,0.68,-1.40,91.61,-3.97
0.72,0.04,0.76,-1.71,92.22,-5.43
0.73,0.07,0.80,0.18,88.81,-5.31
0.74,0.04,0.78,1.22,81.12,-2.75
0.75,0.04,0.71,3.54,73.73,-0.43
0.78,0.05,0.63,8.42,69.15,1.59
0.77,0.01,0.56,13.24,66.10,5.00
0.79,-0.04,0.52,13.18,64.94,7.75
0.80,-0.09,0.50,10.74,65.61,8.67
0.80,-0.08,0.51,8.12,66.83,8.00
0.84,-0.11,0.49,5.00,67.75,7.14
0.85,-0.09,0.49,3.05,69.58,5.49
0.84,-0.08,0.50,3.97,71.96,3.85
0.84,-0.08,0.51,5.19,73.79,2.50
0.83,-0.08,0.55,7.39,74.04,1.04
0.83,-0.06,0.57,12.15,72.39,-0.85
0.83,-0.02,0.61,21.06,68.97,-2.99
0.82,0.01,0.62,33.63,63.78,-4.15
0.82,0.02,0.60,42.54,56.15,-3.48
0.83,0.09,0.67,47.24,47.30,-1.40
0.85,0.10,0.57,54.57,36.50,2.38
0.87,0.08,0.45,62.32,27.22,7.69
0.86,0.05,0.28,69.21,22.22,12.27
0.85,0.01,0.16,70.68,22.22,16.11
0.84,-0.00,0.10,64.27,27.04,19.17
0.84,-0.07,0.13,55.91,34.42,22.28
0.85,-0.13,0.24,45.84,42.72,23.44
0.88,-0.15,0.39,33.63,48.10,22.58
0.87,-0.14,0.47,27.59,47.55,20.51
0.86,-0.14,0.50,30.03,42.85,18.55
0.87,-0.16,0.50,34.12,36.19,17.21
0.88,-0.18,0.46,36.32,29.48,15.50
0.88,-0.17,0.41,35.71,24.66,13.18
0.89,-0.14,0.36,33.39,21.55,10.93
0.89,-0.11,0.33,31.49,19.96,9.34
0.91,-0.08,0.30,31.49,18.55,8.67
0.91,-0.09,0.26,34.00,16.42,8.73
0.90,-0.08,0.22,34.24,14.65,8.42
0.92,-0.06,0.21,29.42,15.01,8.91
0.93,-0.01,0.25,25.02,16.66,9.95
0.91,0.01,0.34,25.09,16.60,11.84
0.90,-0.00,0.42,24.29,14.22,15.14
0.92,-0.04,0.46,19.23,9.46,18.49
0.93,-0.07,0.47,11.47,4.21,20.75
0.93,-0.06,0.48,3.05,-0.18,21.12
0.91,-0.04,0.47,-3.66,-5.07,21.36
0.90,-0.06,0.47,-8.30,-10.44,22.64
0.90,-0.06,0.50,-11.11,-16.48,23.38
0.89,-0.08,0.51,-12.02,-24.23,23.13
0.88,-0.09,0.50,-13.79,-32.47,21.79
0.91,-0.06,0.50,-17.33,-39.37,19.90
0.91,-0.02,0.49,-17.58,-47.06,18.74
0.92,-0.04,0.47,-13.67,-56.34,18.68
0.91,-0.08,0.47,-7.57,-64.88,18.19
0.89,-0.08,0.48,-1.53,-73.67,15.87
0.82,-0.09,0.48,3.17,-81.30,12.94
0.87,-0.11,0.51,3.30,-87.71,10.62
0.87,-0.05,0.57,0.24,-94.67,7.87
0.85,-0.01,0.61,-4.33,-103.03,4.82
0.82,0.01,0.58,-13.31,-114.20,5.31
0.81,0.03,0.53,-24.17,-124.08,6.96
0.84,0.04,0.49,-30.76,-130.13,8.54
0.86,0.06,0.48,-30.70,-133.91,9.70
0.88,0.07,0.51,-27.95,-135.93,10.31
0.89,0.08,0.52,-26.00,-138.92,10.68
0.89,0.10,0.53,-23.01,-143.74,12.02
0.92,0.07,0.52,-13.67,-149.90,13.37
0.90,0.02,0.50,-3.54,-155.33,14.10
0.83,-0.05,0.51,0.06,-158.14,13.67
0.76,-0.12,0.56,-7.02,-158.51,12.57
0.73,-0.15,0.59,-19.96,-158.63,10.25
0.71,-0.15,0.62,-30.64,-158.69,6.10
0.72,-0.12,0.67,-34.00,-158.94,1.46
0.70,-0.09,0.67,-27.65,-160.83,-2.44
0.67,-0.08,0.62,-11.35,-164.43,-4.94
0.68,-0.04,0.59,8.42,-166.50,-8.54
0.66,-0.02,0.56,23.93,-166.69,-13.37
0.63,0.03,0.52,26.92,-166.08,-16.48
0.59,0.09,0.46,18.80,-163.51,-17.40
0.55,0.14,0.49,7.75,-157.35,-16.78
0.56,0.16,0.57,-3.48,-150.27,-14.59
0.55,0.11,0.65,-14.53,-146.12,-10.68
0.50,0.08,0.69,-23.99,-144.65,-8.12
0.46,0.11,0.69,-25.45,-143.86,-9.58
0.41,0.10,0.64,-18.37,-142.40,-11.35
0.39,0.08,0.65,-13.49,-139.40,-10.13
0.36,0.09,0.66,-15.26,-136.11,-8.30
0.29,0.09,0.64,-13.85,-132.26,-6.71
0.23,0.08,0.64,-10.74,-128.17,-5.49
0.22,0.12,0.61,-9.46,-123.54,-4.94
0.20,0.11,0.59,-3.78,-117.74,-3.60
0.19,0.10,0.56,2.56,-112.73,-1.16
0.18,0.09,0.54,5.07,-108.64,1.34
0.16,0.04,0.55,5.25,-104.06,3.97
0.12,-0.02,0.59,1.46,-98.08,5.98
0.12,-0.05,0.63,-1.59,-92.77,6.84
0.11,-0.10,0.67,-2.50,-88.01,6.29
0.09,-0.15,0.71,-5.25,-83.37,3.48
0.06,-0.14,0.76,-14.16,-79.10,-1.04
0.04,-0.06,0.80,-27.28,-75.62,-4.33
0.07,0.03,0.90,-37.11,-71.59,-6.04
0.08,0.18,0.95,-38.45,-68.12,-7.63
0.08,0.35,1.00,-23.32,-64.39,-6.53
0.05,0.40,1.06,5.19,-58.78,-0.73
0.02,0.34,1.11,30.88,-55.91,10.01
-0.02,0.18,1.13,42.05,-58.23,21.91
-0.03,0.01,1.09,35.95,-64.09,30.27
-0.03,-0.09,1.01,20.63,-69.70,32.53
-0.02,-0.10,0.93,9.09,-70.98,28.44
-0.04,-0.04,0.89,7.93,-67.26,21.18
-0.05,0.04,0.88,17.52,-60.18,13.79
-0.05,0.13,0.88,30.58,-52.61,9.34
-0.06,0.21,0.87,42.11,-47.42,8.24
-0.08,0.24,0.88,45.04,-43.58,11.17
-0.13,0.23,0.91,40.77,-40.16,15.93
-0.10,0.17,0.97,31.56,-37.54,21.48
-0.05,0.11,1.06,22.34,-35.89,26.86
0.01,0.07,1.17,19.41,-37.60,30.70
0.16,0.02,1.26,17.09,-45.17,32.53
0.13,0.02,1.26,16.48,-57.07,30.40
-0.01,0.06,1.22,13.31,-71.53,30.58
-0.11,0.06,1.12,5.74,-83.31,35.46
-0.14,0.01,1.00,-2.62,-87.16,40.71
-0.11,0.00,0.87,-10.86,-82.82,42.42
-0.13,-0.02,0.79,-14.95,-70.74,41.63
-0.16,-0.13,0.76,-25.57,-55.73,41.38
-0.19,-0.18,0.76,-45.35,-42.60,40.95
-0.21,-0.13,0.80,-60.30,-33.08,37.66
-0.26,-0.06,0.83,-60.36,-25.45,32.90
-0.26,-0.00,0.84,-49.80,-16.66,29.54
-0.23,0.01,0.84,-32.17,-6.29,27.71
-0.20,0.05,0.86,-18.55,3.60,26.00
-0.22,0.12,0.91,-13.61,13.49,25.70
-0.28,0.14,0.96,-9.46,20.45,28.20
-0.27,0.13,1.02,-1.77,25.21,30.64
-0.25,0.13,1.13,1.95,29.85,29.30
-0.22,0.10,1.25,-1.46,31.56,26.06
-0.20,0.05,1.31,-10.13,26.61,24.48
-0.17,0.01,1.31,-15.38,17.70,22.40
-0.15,-0.05,1.23,-7.32,8.36,19.84
-0.14,-0.10,1.10,4.03,0.61,17.15
-0.13,-0.11,0.95,15.01,-2.93,13.24
-0.11,-0.12,0.82,23.19,-0.79,8.42
-0.14,-0.09,0.76,24.17,6.59,2.50
-0.15,-0.07,0.77,19.47,18.19,-3.36
-0.14,-0.06,0.82,12.51,31.01,-8.12
-0.15,-0.05,0.92,4.33,41.81,-13.12
-0.17,0.01,1.02,-2.75,50.23,-18.43
-0.12,0.03,1.13,-9.28,55.05,-22.52
-0.09,0.06,1.22,-17.03,55.42,-25.09
-0.09,0.15,1.25,-20.75,51.57,-27.10
-0.08,0.26,1.04,-15.56,46.81,-25.82
-0.10,0.27,1.01,-3.54,46.88,-20.81
-0.11,0.31,0.98,4.27,53.41,-14.10
-0.08,0.32,0.94,17.33,62.44,-7.32
-0.04,0.24,0.95,31.49,73.18,-0.37
-0.03,0.11,0.94,40.34,81.97,6.53
-0.00,0.01,0.90,48.77,89.90,10.13
0.01,-0.10,0.84,59.81,99.61,10.68
-0.01,-0.22,0.87,70.31,111.27,8.06
-0.00,-0.26,0.96,72.69,123.05,1.10
0.05,-0.27,1.09,75.32,134.95,-7.87
0.09,-0.26,1.33,79.04,142.33,-17.03
0.17,-0.20,1.62,63.11,135.99,-24.66
0.26,-0.09,1.77,33.45,114.44,-30.46
0.21,0.02,1.74,12.39,86.49,-33.51
0.12,0.06,1.59,6.16,60.97,-33.26
0.10,0.10,1.37,1.28,41.75,-30.40
0.09,0.11,1.09,-2.50,30.94,-27.04
0.06,0.10,0.80,-4.39,29.42,-22.95
0.07,0.08,0.54,-8.61,37.90,-18.31
0.12,-0.00,0.38,-14.83,55.54,-13.98
0.20,-0.12,0.32,-25.82,78.00,-11.96
0.23,-0.20,0.32,-40.53,102.11,-14.65
0.25,-0.19,0.37,-52.92,126.10,-20.39
0.31,-0.19,0.49,-57.01,148.32,-25.70
0.40,-0.20,0.60,-52.98,167.91,-29.48
0.49,-0.23,0.71,-47.73,183.23,-32.84
0.53,-0.27,0.80,-43.03,192.75,-36.25
0.52,-0.31,0.91,-42.42,197.08,-40.22
0.54,-0.36,0.96,-53.41,196.11,-46.69
0.56,-0.36,1.01,-77.03,190.55,-57.62
0.55,-0.11,1.05,-101.50,181.70,-72.94
0.47,0.28,1.11,-102.66,171.63,-86.12
0.55,0.46,1.13,-62.87,159.97,-87.77
0.64,0.44,1.13,-10.93,143.62,-73.91
0.62,0.26,1.04,30.82,125.61,-55.85
0.59,0.13,0.83,56.58,110.23,-44.43
0.59,0.09,0.66,64.64,102.72,-39.55
0.61,0.04,0.59,55.36,105.65,-35.71
0.66,0.05,0.61,34.79,112.98,-30.88
0.68,0.08,0.69,17.88,120.67,-26.25
0.69,0.09,0.79,12.27,125.18,-21.85
0.70,0.11,0.84,9.83,123.72,-16.85
0.71,0.08,0.82,7.81,117.86,-10.80
0.69,0.08,0.79,3.97,111.57,-5.07
0.72,0.07,0.77,2.87,107.48,0.24
0.71,0.01,0.74,2.87,104.25,5.37
0.70,-0.07,0.69,-2.01,100.95,9.34
0.74,-0.14,0.64,-9.77,97.78,10.86
0.75,-0.18,0.60,-16.05,95.34,9.16
0.77,-0.20,0.57,-21.42,93.32,5.68
0.78,-0.23,0.54,-24.60,91.86,2.38
0.83,-0.26,0.52,-25.39,90.52,-1.83
0.85,-0.23,0.49,-23.44,89.05,-6.71
0.85,-0.14,0.49,-17.64,87.40,-10.99
0.86,-0.07,0.50,-5.00,86.98,-12.45
0.85,-0.06,0.57,15.44,87.83,-11.11
0.83,-0.09,0.56,28.08,86.73,-9.09
0.84,-0.11,0.63,28.38,84.53,-7.87
0.83,-0.08,0.63,24.72,80.44,-9.77
0.81,-0.00,0.59,21.00,75.13,-11.41
0.85,0.05,0.53,18.25,70.19,-10.25
0.90,0.05,0.49,19.47,66.35,-6.96
0.90,0.04,0.44,21.12,62.44,-4.09
0.92,0.03,0.41,17.88,59.63,-1.04
0.91,0.02,0.41,12.15,58.65,2.38
0.88,0.02,0.43,5.49,57.62,5.55
0.88,0.01,0.47,-0.43,55.85,8.73
0.86,-0.01,0.48,-1.28,53.28,10.93
0.82,-0.03,0.47,-0.18,49.74,12.63
0.81,-0.06,0.48,-2.75,46.75,14.65
0.81,-0.09,0.53,-8.48,44.07,15.38
0.82,-0.08,0.53,-13.85,39.25,14.16
0.85,-0.06,0.50,-15.26,33.45,12.33
0.91,-0.04,0.54,-11.66,27.16,10.56
0.95,-0.03,0.46,-4.82,17.58,9.28
0.94,-0.04,0.33,1.83,8.48,9.28
0.93,-0.06,0.23,4.88,3.97,9.70
0.92,-0.07,0.16,4.27,2.75,9.89
0.90,-0.05,0.14,1.95,3.97,9.83
0.87,-0.03,0.13,1.53,6.23,10.50
0.86,-0.06,0.15,1.77,9.52,11.60
0.88,-0.08,0.19,-0.55,12.45,11.90
0.90,-0.08,0.22,-4.46,14.22,10.50
0.90,-0.07,0.26,-9.22,14.65,8.12
0.91,-0.03,0.29,-13.43,14.16,5.86
0.93,-0.01,0.31,-13.67,13.12,4.70
0.94,-0.01,0.30,-10.74,11.17,5.00
0.93,-0.02,0.30,-8.12,9.03,5.49
0.92,-0.00,0.30,-7.20,7.45,5.49
0.90,0.02,0.31,-5.62,6.04,5.68
0.89,0.04,0.32,-2.99,4.27,7.02
0.89,0.03,0.31,0.24,1.89,9.16
0.89,-0.00,0.28,2.99,-0.31,10.99
0.89,-0.01,0.24,3.54,-1.59,11.72
0.88,-0.00,0.22,0.92,-1.71,11.23
0.89,0.01,0.23,-1.59,-0.67,10.38
0.91,0.02,0.25,-2.14,0.06,9.83
0.92,0.03,0.25,-1.83,-0.12,9.70
0.92,0.03,0.24,-0.98,-0.79,10.25
0.91,0.03,0.25,0.00,-0.79,11.11
0.90,0.02,0.27,0.61,-0.49,11.96
0.87,0.01,0.29,2.50,-0.49,12.70
0.83,0.00,0.33,3.48,-1.22,12.76
0.82,-0.01,0.39,1.83,-2.32,12.33
0.84,-0.00,0.44,-1.95,-5.37,11.54
0.84,0.02,0.44,-5.37,-10.44,10.99
0.85,0.03,0.42,-5.68,-15.38,10.93
0.87,0.02,0.41,-3.05,-19.35,11.17
0.90,0.00,0.41,0.00,-22.89,10.86
0.91,-0.01,0.40,-0.12,-26.49,9.64
0.91,0.00,0.40,-1.28,-29.60,8.00
0.90,0.02,0.40,0.55,-33.02,6.84
0.88,-0.00,0.40,5.31,-37.11,6.35
0.86,-0.04,0.38,7.32,-41.38,5.92
0.86,-0.05,0.36,4.76,-45.04,3.91
0.85,-0.02,0.36,0.37,-47.12,0.61
0.84,0.02,0.37,-5.68,-49.19,-1.77
0.86,0.06,0.40,-11.54,-51.94,-1.59
0.91,0.09,0.43,-13.00,-55.05,-0.98
0.91,0.09,0.44,-11.17,-59.08,0.31
0.90,0.08,0.47,-10.62,-63.48,2.38
0.90,0.07,0.52,-11.11,-68.05,4.39
0.90,0.05,0.58,-11.90,-74.34,5.86
0.90,0.06,0.63,-12.45,-83.07,6.90
0.86,0.06,0.63,-9.52,-94.85,8.00
0.81,0.03,0.58,-6.96,-108.15,9.95
0.77,-0.02,0.52,-7.57,-120.00,12.51
0.72,-0.05,0.45,-12.02,-128.78,13.12
0.69,-0.06,0.39,-18.92,-133.91,11.78
0.69,-0.05,0.36,-29.42,-135.62,9.22
0.70,-0.02,0.35,-39.67,-134.22,6.47
0.73,0.01,0.37,-45.53,-131.53,4.70
0.78,0.02,0.41,-45.65,-127.62,2.99
0.81,0.04,0.49,-41.81,-123.96,1.16
0.84,0.08,0.58,-38.82,-122.68,-0.06
0.84,0.14,0.67,-33.08,-125.31,-0.43
0.81,0.17,0.71,-21.85,-131.77,1.16
0.77,0.18,0.70,-8.85,-141.05,5.49
0.70,0.15,0.66,3.36,-149.96,10.25
0.60,0.13,0.64,10.01,-156.37,14.04
0.51,0.11,0.64,10.13,-159.67,16.11
0.52,0.09,0.62,9.28,-161.62,17.09
0.58,0.07,0.60,5.00,-161.32,17.09
0.65,0.07,0.59,-0.06,-159.42,15.87
0.69,0.09,0.56,-1.77,-156.68,13.85
0.68,0.13,0.52,-1.59,-152.53,12.27
0.63,0.18,0.50,4.03,-145.81,11.17
0.58,0.20,0.49,17.70,-137.51,10.25
0.48,0.21,0.50,28.32,-128.23,11.11
0.39,0.20,0.55,31.92,-118.10,12.15
0.36,0.15,0.64,26.61,-108.83,13.98
0.36,0.11,0.72,15.69,-102.84,15.32
0.35,0.08,0.77,6.47,-99.98,14.83
0.33,0.07,0.81,-0.12,-99.55,14.28
0.38,0.03,0.83,-1.46,-100.71,14.22
0.44,-0.02,0.82,4.52,-102.36,12.76
0.48,-0.04,0.80,15.32,-103.45,9.52
0.44,-0.03,0.75,29.54,-104.13,4.94
0.36,0.01,0.71,43.52,-102.78,1.22
0.29,0.07,0.68,55.05,-98.27,-1.40
0.19,0.14,0.68,61.52,-90.76,-3.97
0.10,0.19,0.69,58.17,-81.30,-5.25
0.02,0.20,0.74,40.71,-71.53,-4.82
-0.02,0.15,0.82,11.47,-63.29,-3.66
-0.05,0.07,0.96,-25.21,-57.01,-1.40
-0.01,-0.02,1.13,-59.45,-54.81,0.73
0.15,-0.06,1.30,-77.15,-60.61,0.85
0.38,-0.03,1.41,-61.71,-72.33,-4.21
0.37,0.06,1.37,-15.75,-87.95,-11.23
0.27,0.17,1.21,29.60,-105.96,-12.21
0.21,0.21,1.06,63.29,-119.57,-7.08
0.20,0.22,0.94,85.63,-124.88,-1.34
0.13,0.21,0.84,96.07,-124.51,3.11
-0.01,0.24,0.76,89.36,-120.42,6.59
-0.14,0.22,0.73,70.07,-112.12,10.56
-0.22,0.12,0.84,41.63,-99.37,14.65
-0.23,0.04,0.99,9.77,-88.13,17.76
-0.04,-0.00,1.15,-15.50,-83.07,19.84
0.32,0.00,1.32,-22.03,-84.17,18.25
0.22,0.05,1.29,-0.92,-93.20,10.68
-0.00,0.12,1.10,18.49,-107.85,8.91
-0.02,0.12,0.86,25.51,-116.58,16.72
-0.13,0.04,0.73,40.04,-113.89,23.13
-0.27,-0.01,0.74,50.35,-102.11,24.11
-0.31,-0.02,0.85,49.38,-87.65,21.85
-0.29,-0.01,1.00,39.49,-75.62,18.37
-0.25,0.03,1.14,21.42,-70.01,15.50
-0.27,0.06,1.22,3.60,-70.74,14.53
-0.17,0.03,1.25,-9.89,-75.32,15.08
-0.13,-0.05,1.24,-12.21,-81.30,14.65
-0.19,-0.15,1.18,-9.40,-88.87,13.73
-0.21,-0.22,1.08,-6.77,-96.62,14.10
-0.21,-0.28,1.00,0.73,-101.26,14.10
-0.25,-0.30,0.92,12.02,-102.54,11.72
-0.27,-0.29,0.82,20.57,-101.20,6.96
-0.30,-0.23,0.75,24.72,-95.46,0.49
-0.33,-0.16,0.72,24.72,-86.24,-5.80
-0.36,-0.06,0.73,18.74,-75.87,-10.38
-0.32,0.01,0.82,13.49,-65.12,-12.45
-0.32,0.02,0.91,13.12,-56.15,-13.18
-0.34,0.00,0.95,9.77,-52.67,-11.41
-0.38,-0.01,0.98,6.71,-51.45,-8.24
-0.41,-0.03,1.00,7.20,-50.23,-5.43
-0.44,-0.08,1.06,6.10,-49.62,-3.48
-0.36,-0.09,1.18,3.36,-51.21,-1.46
-0.24,-0.11,1.32,6.47,-55.42,-3.23
-0.25,-0.12,1.37,11.41,-65.80,-7.69
-0.26,-0.10,1.31,9.34,-81.73,-9.46
-0.27,-0.09,1.15,11.05,-97.11,-9.03
-0.32,-0.04,0.93,18.07,-107.67,-8.12
-0.36,-0.00,0.68,24.66,-110.90,-5.80
-0.39,0.03,0.44,28.63,-105.96,-3.42
-0.50,-0.04,0.22,32.65,-92.77,-0.37
-0.56,-0.05,0.21,27.47,-70.74,0.49
-0.53,-0.05,0.27,16.97,-47.67,-1.22
-0.50,-0.09,0.40,11.23,-26.79,-2.75
-0.50,-0.10,0.57,0.79,-10.62,-4.03
-0.47,-0.10,0.75,-10.68,-1.22,-5.55
-0.39,-0.05,0.91,-17.33,2.56,-8.42
-0.37,-0.01,0.98,-17.46,1.65,-11.05
-0.41,0.03,0.94,-14.65,-2.99,-10.86
-0.45,0.06,0.84,-10.13,-6.90,-6.84
-0.47,0.03,0.75,-2.38,-6.65,-2.32
-0.48,-0.02,0.71,1.89,-2.75,2.81
-0.47,-0.05,0.75,3.54,3.91,5.80
-0.45,-0.08,0.83,5.80,10.80,6.96
-0.44,-0.14,0.85,7.20,14.89,7.26
-0.47,-0.17,0.85,9.22,17.40,6.77
-0.49,-0.17,0.83,12.15,21.30,5.00
-0.51,-0.19,0.80,14.34,26.79,3.54
-0.51,-0.21,0.80,18.07,34.73,2.38
-0.51,-0.23,0.78,22.89,43.95,0.49
-0.52,-0.25,0.78,25.76,54.02,-2.32
-0.50,-0.25,0.82,23.38,66.59,-5.07
-0.44,-0.24,0.88,14.95,79.47,-8.85
-0.41,-0.22,0.92,3.36,89.97,-13.73
-0.36,-0.17,0.93,-6.23,97.60,-19.17
-0.29,-0.11,0.89,-11.23,102.54,-22.83
-0.21,-0.04,0.82,-13.31,106.26,-22.89
-0.17,-0.06,0.74,-10.38,110.84,-19.65
-0.16,-0.04,0.67,-3.30,117.92,-14.89
-0.16,-0.12,0.61,6.16,127.81,-8.12
-0.19,-0.19,0.63,11.29,141.85,-3.60
-0.23,-0.22,0.73,11.54,158.87,-2.01
-0.19,-0.29,0.90,13.92,174.74,-3.42
-0.11,-0.33,1.10,13.85,185.00,-6.90
-0.06,-0.33,1.29,9.77,186.28,-13.24
-0.02,-0.29,1.41,0.73,179.50,-21.12
0.01,-0.18,1.47,-14.16,167.36,-29.05
0.04,-0.05,1.47,-28.56,152.40,-34.24
0.08,0.07,1.43,-39.12,136.60,-35.16
0.11,0.19,1.34,-40.53,121.40,-31.92
0.09,0.28,1.23,-32.53,107.85,-25.70
0.02,0.39,0.92,-21.79,98.27,-15.38
0.01,0.29,0.97,-8.85,96.56,-2.93
0.01,0.13,1.04,-5.43,98.75,7.93
-0.04,0.00,1.04,-4.03,98.82,14.28
-0.05,-0.10,1.10,-1.59,98.57,14.71
-0.01,-0.18,1.16,2.01,95.83,10.56
0.01,-0.17,1.19,4.88,90.76,3.66
0.01,-0.10,1.21,7.93,84.17,-2.93
0.04,-0.04,1.20,10.99,76.84,-6.53
0.06,-0.04,1.16,15.26,69.21,-7.81
0.08,-0.05,1.09,17.40,61.77,-8.00
0.10,-0.04,1.01,18.43,56.03,-8.00
0.10,0.00,0.93,17.52,53.77,-9.40
0.15,0.05,0.88,10.25,54.26,-10.68
0.19,0.10,0.85,-0.43,56.09,-11.29
0.17,0.19,0.82,-11.11,58.17,-9.89
0.17,0.22,0.80,-18.01,60.49,-4.52
0.17,0.14,0.81,-20.63,63.90,3.23
0.15,-0.00,0.86,-21.67,67.75,9.83
0.16,-0.11,0.91,-20.81,70.98,10.99
0.17,-0.17,0.93,-15.81,72.14,7.45
0.19,-0.19,0.92,-10.44,71.78,2.69
0.24,-0.17,0.89,-3.48,70.92,-2.32
0.29,-0.15,0.83,4.64,70.62,-5.86
0.31,-0.14,0.79,11.66,71.78,-8.00
0.34,-0.10,0.79,18.43,74.83,-9.89
0.37,-0.04,0.80,24.72,78.25,-12.27
0.40,0.02,0.80,26.06,79.71,-13.24
0.46,0.12,0.74,22.95,79.28,-11.47
0.51,0.19,0.63,20.20,79.41,-6.90
0.50,0.20,0.54,16.78,82.46,-0.37
0.50,0.16,0.51,10.93,88.50,7.57
0.51,0.09,0.55,3.36,96.50,13.67
0.42,-0.05,0.72,-6.16,105.04,17.09
0.34,-0.18,1.00,-21.91,110.23,17.94
0.35,-0.25,1.28,-32.78,108.03,14.16
0.41,-0.23,1.41,-27.34,95.52,6.65
0.44,-0.23,1.42,-7.63,75.93,-0.31
0.40,-0.26,1.35,12.27,54.69,-3.85
0.39,-0.31,1.23,27.40,35.40,-6.41
0.42,-0.31,1.12,36.99,19.96,-11.23
0.48,-0.21,1.06,40.04,9.52,-18.13
0.53,-0.08,1.03,38.64,1.04,-24.72
0.56,0.09,0.94,31.98,-9.03,-26.98
0.56,0.23,0.80,23.38,-20.20,-21.67
0.58,0.21,0.64,15.38,-27.47,-9.64
0.53,0.08,0.52,7.63,-28.32,2.56
0.47,-0.12,0.51,-3.91,-23.62,10.99
0.43,-0.27,0.65,-19.96,-16.05,12.82
0.38,-0.33,0.87,-37.84,-11.23,8.79
0.36,-0.29,1.07,-53.96,-13.85,3.48
0.41,-0.21,1.20,-61.16,-24.29,-0.61
0.53,-0.16,1.26,-52.06,-39.61,-3.91
0.52,-0.13,1.20,-29.79,-58.72,-7.32
0.56,-0.09,1.07,-11.54,-78.55,-8.85
0.59,-0.08,0.94,2.87,-92.65,-9.28
0.52,-0.06,0.82,8.91,-101.99,-8.48
0.46,-0.01,0.74,4.88,-107.18,-6.53
0.42,0.02,0.71,-1.28,-106.63,-5.25
0.38,0.05,0.76,-10.50,-103.64,-4.33
0.35,0.11,0.83,-24.72,-101.44,-2.32
0.31,0.14,0.91,-37.23,-101.32,2.38
0.34,0.13,0.99,-44.56,-102.91,8.61
0.38,0.07,1.01,-44.56,-107.42,13.73
0.37,0.01,0.98,-41.08,-114.20,17.27
0.33,-0.01,0.92,-37.41,-120.36,20.45
0.36,-0.03,0.84,-29.17,-123.72,22.64
0.38,-0.07,0.73,-15.81,-124.08,22.58
0.32,-0.10,0.60,-5.68,-122.25,20.81
0.22,-0.10,0.49,-1.95,-115.78,18.98
0.15,-0.11,0.44,1.95,-103.27,15.93
0.10,-0.07,0.45,5.25,-87.04,11.54
0.09,-0.00,0.54,4.88,-69.46,7.08
0.14,0.07,0.67,1.22,-54.08,3.23
0.16,0.13,0.75,-6.59,-44.56,0.31
0.13,0.14,0.78,-18.19,-40.10,0.43
0.09,0.12,0.80,-27.59,-37.05,2.87
0.06,0.07,0.85,-29.60,-33.08,5.31
0.05,0.01,0.91,-25.51,-29.30,7.08
0.04,-0.03,0.97,-17.70,-27.28,7.93
0.03,-0.05,1.01,-7.57,-27.28,7.57
0.03,-0.03,1.04,0.49,-28.50,6.59
0.04,-0.01,1.06,8.67,-30.15,5.13
0.05,0.02,1.06,16.42,-31.86,3.48
0.04,0.06,1.03,19.96,-33.69,2.56
0.03,0.09,1.00,19.65,-34.61,2.69
0.02,0.08,0.97,14.71,-33.63,4.27
0.02,0.05,0.97,8.18,-31.19,6.41
0.00,0.00,1.00,3.91,-28.32,7.08
0.01,-0.04,1.04,-1.53,-26.86,7.14
0.03,-0.05,1.07,-5.37,-26.79,6.04
0.05,-0.05,1.07,-4.33,-28.14,3.91
0.04,-0.02,1.04,-2.14,-30.76,2.56
0.05,0.01,1.01,0.98,-32.41,2.56
0.06,0.01,0.97,4.21,-33.20,3.66
0.06,0.00,0.92,5.37,-33.02,5.25
0.02,-0.01,0.86,7.45,-30.64,5.98
-0.01,-0.04,0.84,9.77,-26.06,6.29
-0.05,-0.04,0.87,10.99,-19.90,5.55
-0.04,-0.04,0.93,14.10,-13.92,3.85
-0.03,-0.02,1.00,15.69,-10.19,2.38
-0.01,-0.00,1.04,13.67,-9.46,1.28
-0.01,0.02,1.03,10.99,-10.25,0.06
-0.02,0.03,0.99,7.32,-11.78,-0.43
-0.03,0.04,0.97,3.36,-11.90,0.18
-0.03,0.02,0.96,1.16,-10.62,0.85
-0.03,0.00,0.96,-1.28,-9.28,1.59
-0.02,-0.01,0.96,-1.83,-8.24,1.89
-0.02,-0.03,0.93,-0.79,-7.26,1.53
-0.03,-0.03,0.91,0.73,-5.74,1.22
-0.02,-0.04,0.91,4.03,-3.42,0.61
-0.00,-0.03,0.90,7.32,-0.98,-0.49
-0.01,-0.02,0.90,9.09,1.22,-1.53
-0.03,-0.01,0.92,10.31,3.66,-1.83
-0.03,-0.02,0.97,11.90,6.29,-1.34
-0.02,-0.02,1.04,13.79,7.32,-1.22
-0.03,0.01,1.09,13.79,6.04,-1.95
-0.03,0.04,1.12,10.38,3.05,-2.56
-0.01,0.07,1.14,3.30,-1.16,-2.20
0.00,0.07,1.11,-2.08,-5.98,-1.04
0.00,0.06,1.05,-5.13,-10.93,0.79
-0.00,0.04,0.99,-6.10,-14.53,2.69
0.00,0.01,0.93,-4.58,-16.11,4.46
-0.01,-0.02,0.87,-1.83,-15.63,5.31
-0.03,-0.03,0.82,1.04,-13.06,5.43
-0.04,-0.05,0.81,4.64,-8.73,4.82
-0.03,-0.06,0.84,8.48,-3.85,3.42
-0.04,-0.05,0.89,9.77,0.12,1.46
-0.03,-0.02,0.95,9.28,2.38,0.06
-0.02,0.01,1.00,8.48,2.87,-0.61
-0.00,0.03,1.01,6.04,1.77,-0.49
0.00,0.03,0.98,3.17,-0.24,0.00
0.00,0.01,0.93,1.40,-1.59,0.92
-0.01,-0.01,0.87,1.40,-0.98,1.71
-0.02,-0.05,0.83,1.46,1.83,2.14
-0.02,-0.10,0.81,0.73,6.77,1.59
-0.03,-0.12,0.80,0.24,13.12,-0.67
-0.04,-0.10,0.81,1.10,20.87,-3.97
-0.03,-0.08,0.80,3.85,29.36,-7.02
-0.00,-0.08,0.77,6.77,38.70,-10.01
0.04,-0.11,0.55,8.24,49.50,-12.45
0.05,-0.12,0.33,8.00,63.35,-15.56
0.08,-0.11,0.46,0.79,88.87,-19.90
0.09,-0.10,0.55,0.24,113.28,-25.15
0.21,-0.09,0.71,0.18,132.20,-29.17
0.26,-0.03,0.88,-2.75,143.80,-31.68
0.26,0.04,1.04,0.12,148.32,-30.94
0.27,0.04,1.18,16.60,146.73,-27.16
0.23,0.01,1.26,37.66,139.40,-21.42
0.21,-0.06,1.31,57.13,129.64,-15.32
0.22,-0.13,1.33,73.43,119.20,-11.41
0.21,-0.14,1.37,78.86,108.95,-11.23
0.21,-0.07,1.43,70.86,99.06,-15.01
0.24,0.05,1.45,52.61,88.13,-20.39
0.26,0.17,1.39,25.51,75.50,-22.40
0.28,0.30,1.34,-2.38,63.11,-19.53
0.31,0.34,1.20,-22.03,53.16,-12.57
0.34,0.25,1.07,-33.02,47.91,-3.42
0.33,0.12,0.95,-41.32,46.33,5.92
0.35,0.00,0.85,-46.39,48.28,12.51
0.39,-0.09,0.79,-46.33,53.04,15.69
0.39,-0.15,0.77,-40.83,59.39,15.75
0.37,-0.17,0.79,-31.13,65.86,14.10
0.39,-0.18,0.84,-18.13,71.23,12.08
0.35,-0.24,0.94,-7.20,73.97,10.25
0.30,-0.32,1.12,-3.72,74.58,8.61
0.36,-0.36,1.34,-1.95,71.23,3.60
0.40,-0.31,1.41,3.72,58.96,-5.86
0.38,-0.16,1.23,6.04,39.37,-13.79
0.40,-0.12,0.97,4.76,24.29,-16.11
0.41,-0.12,0.77,3.72,19.65,-16.91
0.42,-0.10,0.61,-1.22,21.97,-18.92
0.43,-0.05,0.50,-13.49,28.75,-20.02
0.45,-0.00,0.44,-28.20,38.88,-18.74
0.46,0.00,0.43,-35.95,51.88,-16.54
0.47,-0.04,0.49,-36.01,66.22,-14.77
0.44,-0.02,0.60,-35.40,78.80,-14.22
0.42,-0.03,0.70,-31.68,87.46,-14.71
0.45,-0.02,0.76,-25.94,91.19,-15.32
0.52,0.00,0.76,-22.77,92.10,-14.47
0.52,-0.04,0.74,-17.33,93.20,-13.37
0.49,-0.10,0.73,-15.87,94.73,-12.88
0.50,-0.11,0.71,-20.26,96.56,-13.79
0.54,-0.09,0.70,-26.49,99.06,-17.15
0.56,-0.04,0.72,-32.35,102.78,-21.48
0.56,0.06,0.76,-37.60,106.51,-24.35
0.58,0.12,0.82,-36.99,109.44,-24.41
0.62,0.12,0.92,-34.42,110.53,-21.36
0.63,0.12,0.99,-35.58,107.79,-17.88
0.63,0.10,1.01,-37.11,102.36,-15.81
0.61,0.09,1.03,-37.17,96.01,-14.89
0.60,0.10,1.02,-37.90,88.99,-14.16
0.62,0.12,1.00,-38.57,81.54,-12.45
0.66,0.10,0.96,-37.60,74.83,-9.52
0.70,0.08,0.90,-35.40,68.54,-7.26
0.70,0.04,0.83,-32.96,63.54,-6.29
0.71,0.01,0.73,-35.28,60.06,-6.04
0.70,0.01,0.64,-40.65,59.88,-6.35
0.71,0.01,0.63,-39.92,63.42,-8.61
0.74,0.01,0.67,-35.83,67.32,-11.35
0.74,0.04,0.70,-34.61,68.05,-13.12
0.74,0.05,0.71,-35.71,66.59,-13.85
0.73,0.05,0.75,-38.45,64.33,-14.22
0.72,0.08,0.80,-42.18,61.04,-14.71
0.74,0.07,0.82,-43.52,56.09,-14.89
0.78,0.09,0.81,-42.97,49.80,-15.20
0.81,0.12,0.75,-41.56,42.85,-16.24
0.82,0.15,0.65,-39.43,36.01,-16.30
0.84,0.15,0.51,-39.79,31.19,-14.47
0.86,0.12,0.39,-42.54,30.03,-11.78
0.85,0.08,0.32,-43.21,32.65,-9.34
0.84,0.06,0.31,-42.85,37.78,-8.06
0.84,0.05,0.34,-42.72,43.27,-6.96
0.83,0.06,0.42,-41.14,47.12,-6.10
0.81,0.11,0.57,-36.50,48.10,-5.07
0.82,0.08,0.63,-27.47,44.68,-3.66
0.81,0.06,0.66,-14.77,37.84,-2.14
0.80,0.02,0.65,-1.71,29.72,-1.46
0.75,-0.02,0.61,9.34,21.85,-1.59
0.73,-0.06,0.54,13.73,14.83,-2.99
0.74,-0.06,0.45,13.55,9.22,-4.94
0.73,-0.05,0.34,14.59,6.04,-7.63
0.73,-0.03,0.28,17.88,6.10,-9.22
0.74,-0.02,0.26,20.26,8.67,-9.22
0.77,-0.01,0.28,19.84,11.84,-8.06
0.82,0.01,0.32,17.27,14.28,-6.71
0.84,0.05,0.37,17.15,15.08,-5.19
0.83,0.09,0.43,21.18,14.71,-3.48
0.82,0.10,0.49,25.63,12.39,-0.55
0.79,0.10,0.54,28.75,9.16,2.69
0.77,0.08,0.60,28.93,4.70,5.55
0.76,0.07,0.65,24.60,-0.79,7.45
0.76,0.07,0.69,17.40,-8.06,7.93
0.77,0.07,0.72,10.86,-17.40,8.12
0.78,0.07,0.71,4.52,-27.65,8.00
0.77,0.07,0.70,-2.75,-38.02,7.81
0.82,0.06,0.67,-10.68,-47.55,8.12
0.86,0.06,0.65,-16.05,-55.05,7.87
0.87,0.08,0.62,-18.37,-61.22,7.63
0.85,0.11,0.60,-18.37,-67.20,8.36
0.84,0.11,0.58,-16.54,-73.00,10.74
0.82,0.10,0.54,-13.73,-78.86,14.40
0.79,0.09,0.50,-11.29,-84.05,18.31
0.76,0.08,0.46,-7.81,-87.46,21.55
0.73,0.06,0.43,-4.33,-89.60,24.11
0.72,0.04,0.42,-3.17,-89.84,25.88
0.70,0.02,0.45,-2.50,-88.13,25.63
0.71,-0.01,0.48,-2.81,-87.59,24.35
0.72,-0.02,0.50,-4.94,-88.50,22.34
0.72,-0.01,0.53,-8.54,-87.83,19.59
0.69,0.03,0.56,-13.49,-87.10,17.27
0.68,0.09,0.62,-16.05,-87.16,15.81
0.68,0.15,0.66,-14.83,-88.38,15.50
0.67,0.19,0.66,-10.80,-92.41,16.97
0.64,0.21,0.61,-5.31,-97.53,20.45
0.60,0.19,0.55,1.53,-100.95,24.05
0.61,0.12,0.49,6.53,-101.93,26.79
0.60,0.07,0.47,5.43,-99.98,27.53
0.58,0.05,0.47,0.18,-95.34,26.12
0.58,0.07,0.52,-5.13,-89.72,23.44
0.61,0.08,0.63,-9.64,-85.21,20.63
0.60,0.13,0.72,-12.88,-84.41,17.88
0.55,0.20,0.73,-13.00,-88.50,16.60
0.47,0.24,0.71,-9.95,-93.99,18.25
0.41,0.26,0.68,-5.49,-97.53,22.46
0.38,0.24,0.68,-1.89,-98.45,27.47
0.41,0.18,0.71,-1.77,-98.27,31.68
0.44,0.16,0.70,-3.54,-99.06,32.71
0.47,0.15,0.64,-3.72,-101.32,32.04
0.47,0.12,0.59,-0.79,-101.68,31.01
0.45,0.08,0.58,2.81,-98.82,30.40
0.42,0.05,0.62,5.55,-93.87,29.11
0.44,0.03,0.68,7.69,-89.17,25.94
0.44,0.06,0.73,12.27,-86.18,21.48
0.47,0.13,0.79,19.71,-84.66,17.40
0.43,0.19,0.79,28.75,-85.69,13.79
0.37,0.24,0.77,35.52,-88.07,13.55
0.29,0.24,0.76,39.06,-88.99,15.87
0.22,0.21,0.75,37.78,-89.36,19.71
0.18,0.13,0.77,31.49,-88.44,23.99
0.19,0.05,0.85,23.32,-86.06,25.94
0.22,0.02,0.91,19.04,-84.47,23.56
0.29,0.04,0.97,18.25,-84.96,18.07
0.32,0.12,0.96,24.41,-86.79,10.99
0.30,0.22,0.91,33.26,-89.11,5.55
0.24,0.29,0.88,39.79,-89.48,5.31
0.18,0.31,0.89,41.32,-87.22,9.28
0.15,0.29,0.97,39.86,-83.62,14.83
0.10,0.23,1.09,35.22,-82.03,20.75
0.06,0.19,1.19,27.04,-84.84,26.73
0.10,0.12,1.24,20.69,-92.41,31.19
0.21,0.03,1.21,18.01,-102.29,32.90
0.23,-0.06,1.09,19.78,-111.51,30.46
0.16,-0.09,0.93,24.05,-117.86,24.23
0.04,-0.06,0.80,23.25,-117.92,18.49
-0.04,-0.02,0.75,23.25,-111.15,14.04
-0.06,0.02,0.84,24.90,-99.43,9.64
-0.04,0.08,0.95,23.19,-88.75,5.31
-0.03,0.14,1.03,18.62,-81.97,2.14
-0.06,0.20,1.06,11.96,-79.16,-0.37
-0.09,0.25,1.08,3.78,-77.70,-1.16
-0.08,0.29,1.11,-5.92,-76.35,1.16
0.00,0.29,1.15,-9.28,-75.01,4.09
-0.03,0.25,1.15,-4.03,-76.54,6.47
-0.07,0.21,1.13,-1.28,-79.41,10.86
-0.08,0.13,1.10,0.73,-81.30,15.44
-0.09,0.07,1.08,2.69,-82.58,16.78
-0.09,0.07,1.06,2.20,-82.70,14.95
-0.12,0.10,1.04,-1.46,-83.01,13.31
-0.11,0.09,1.01,-5.19,-84.05,13.31
-0.12,0.03,0.95,-5.19,-84.53,14.04
-0.20,-0.03,0.87,-2.69,-83.62,13.67
-0.26,-0.07,0.78,-1.16,-79.53,11.90
-0.25,-0.07,0.73,1.16,-71.17,8.61
-0.25,-0.03,0.70,3.78,-59.94,3.78
-0.25,0.01,0.68,3.85,-48.34,-0.31
-0.23,0.04,0.69,0.79,-36.99,-2.38
-0.19,0.04,0.73,-2.93,-26.25,-3.36
-0.20,0.05,0.81,-5.43,-17.21,-4.09
-0.20,0.07,0.92,-8.54,-10.13,-4.33
-0.18,0.08,1.02,-9.70,-6.29,-4.39
-0.19,0.09,1.06,-7.69,-6.90,-4.33
-0.21,0.11,1.04,-6.10,-10.01,-3.42
-0.22,0.10,0.99,-2.38,-12.08,-0.98
-0.25,0.10,0.96,2.08,-12.02,1.77
-0.26,0.11,0.99,6.65,-10.13,3.91
-0.24,0.11,1.02,12.15,-8.24,5.25
-0.25,0.10,1.03,16.17,-7.57,6.35
-0.24,0.10,1.04,16.42,-7.57,6.90
-0.23,0.11,1.00,16.36,-8.24,6.59
-0.26,0.11,0.96,16.60,-8.61,6.71
-0.29,0.08,0.93,16.48,-7.32,8.06
-0.29,0.04,0.94,17.15,-4.64,8.30
-0.29,0.00,0.96,16.66,-1.65,7.02
-0.28,0.00,0.97,12.51,0.85,4.82
-0.27,0.02,0.97,6.41,2.32,2.01
-0.26,0.05,0.96,0.12,3.11,0.06
-0.26,0.06,0.94,-4.27,4.15,-0.24
-0.25,0.06,0.93,-5.43,5.68,0.55
-0.23,0.05,0.94,-3.42,7.57,1.10
-0.25,0.05,0.94,0.43,9.03,0.49
-0.27,0.05,0.97,2.26,10.13,0.18
-0.26,0.05,1.02,1.83,11.96,0.18
-0.24,0.06,1.07,1.77,12.02,-0.61
-0.24,0.08,1.10,1.77,9.77,-1.34
-0.22,0.10,1.09,1.83,6.04,-0.85
-0.22,0.09,1.06,3.85,2.38,1.16
-0.22,0.08,1.00,6.29,-0.49,2.93
-0.23,0.06,0.94,8.91,-1.46,4.52
-0.22,0.06,0.89,12.08,-0.06,5.00
-0.22,0.06,0.84,14.53,3.11,5.19
-0.22,0.05,0.82,15.75,8.48,5.55
-0.22,0.04,0.80,15.81,14.59,5.19
-0.22,0.05,0.80,14.40,21.36,4.03
-0.22,0.07,0.84,11.66,28.44,2.56
-0.21,0.09,0.86,7.87,34.30,1.40
-0.20,0.08,0.90,4.70,38.82,0.49
-0.20,0.06,1.00,0.98,42.42,0.12
-0.18,0.07,1.11,0.85,42.97,-0.92
-0.17,0.08,1.15,2.99,39.06,-1.71
-0.16,0.08,1.17,5.07,33.69,-0.92
-0.16,0.09,1.18,8.73,28.08,0.37
-0.15,0.11,1.13,13.61,22.09,1.59
-0.11,0.13,1.01,18.55,17.76,3.54
-0.14,0.12,0.82,25.57,17.15,6.53
-0.15,0.08,0.74,30.33,22.40,9.16
-0.13,0.05,0.72,31.98,31.86,10.62
-0.12,0.03,0.71,33.51,43.09,11.35
-0.15,-0.01,0.80,32.53,55.30,12.02
-0.16,-0.07,0.93,32.04,66.59,11.60
-0.14,-0.13,1.04,31.13,73.67,8.30
-0.14,-0.13,1.14,25.76,76.42,2.81
-0.13,-0.09,1.23,18.80,75.99,-2.93
-0.09,-0.02,1.26,13.06,72.33,-7.69
-0.07,0.06,1.25,7.69,65.80,-10.80
-0.04,0.14,1.21,4.39,58.47,-10.31
-0.00,0.18,1.12,5.68,51.03,-6.71
0.02,0.20,1.00,11.41,45.29,-0.79
0.02,0.17,0.85,21.61,42.60,7.45
0.01,0.09,0.72,32.41,44.68,16.30
0.02,-0.03,0.67,38.76,52.37,23.07
0.00,-0.23,0.75,37.41,63.60,26.12
-0.04,-0.39,0.94,26.25,75.26,23.50
-0.03,-0.42,1.10,11.90,81.54,13.37
0.02,-0.34,1.17,-0.37,79.90,-0.49
0.08,-0.18,1.17,-10.25,73.61,-10.44
0.10,-0.04,1.12,-14.53,66.10,-14.28
0.11,0.03,1.03,-11.47,59.39,-11.90
0.15,0.03,0.93,-2.81,54.93,-6.47
0.16,-0.01,0.79,8.67,53.89,-2.32
0.15,-0.04,0.67,19.29,57.13,1.28
0.17,-0.08,0.59,26.98,64.88,3.66
0.17,-0.15,0.58,33.08,75.44,3.85
0.15,-0.23,0.66,34.55,87.22,2.14
0.17,-0.24,0.77,28.14,98.14,-2.08
0.17,-0.20,0.85,19.35,104.92,-8.24
0.17,-0.15,0.91,12.21,107.97,-14.47
0.21,-0.13,0.94,5.19,109.13,-18.86
0.22,-0.09,0.94,-1.28,108.89,-21.91
0.22,-0.06,0.93,-8.18,108.64,-23.07
0.26,-0.05,0.92,-13.00,109.13,-22.95
0.29,-0.00,1.00,-13.85,109.01,-22.83
0.33,0.03,0.98,-12.27,107.06,-21.73
0.36,0.04,0.95,-7.51,105.41,-19.53
0.36,0.03,0.91,-1.34,104.43,-16.48
0.35,0.01,0.88,3.17,104.61,-13.37
0.33,-0.03,0.91,4.64,106.99,-10.74
0.34,-0.08,0.99,-0.31,110.11,-9.40
0.39,-0.10,1.11,-8.91,111.45,-10.31
0.40,-0.09,1.21,-16.30,108.58,-13.79
0.40,-0.03,1.27,-23.19,101.93,-18.07
0.41,0.06,1.31,-29.85,92.59,-20.08
0.43,0.12,1.31,-34.30,80.99,-18.92
0.44,0.14,1.26,-36.62,67.87,-15.20
0.45,0.14,1.17,-37.29,55.30,-10.13
0.47,0.12,1.07,-37.41,45.29,-5.92
0.46,0.10,0.97,-38.27,36.68,-2.75
0.49,0.08,0.88,-39.37,30.58,1.10
0.50,0.06,0.78,-37.11,27.22,4.27
0.51,0.01,0.70,-31.92,25.39,6.71
0.51,-0.04,0.61,-27.22,24.35,8.18
0.52,-0.09,0.55,-23.93,25.02,8.97
0.55,-0.14,0.49,-21.73,27.59,8.91
0.56,-0.18,0.47,-19.47,31.37,7.32
