1.589569787,0.625672526,1.076026757,21.48515623,59.82347252,34.09523219
1.406724393,0.890189676,0.629630877,32.32604972,35.27175739,24.11264597
0.847134053,0.338643931,0.796389342,21.78918226,66.96363392,43.23152235
0.900803782,0.419796961,0.423350246,24.98668962,45.24146084,25.17209018
0.676780049,0.206314566,0.299148719,16.9537007,55.40704883,23.84627411
0.420764568,0.054379169,0.096005269,7.364027398,60.47197802,12.85306611
0.568673115,-0.11850468,-0.101488161,-11.77129337,-139.4230403,-10.11875366
0.468823745,-0.16379359,0.263152123,-19.25795228,121.8993439,29.30562341
0.15010687,-0.432337578,0.091934347,-70.85308601,167.9951617,31.48577328
0.359865377,-0.604935995,-0.371728858,-59.25235892,-148.4295714,-45.92902296
-0.103905317,-0.726486893,0.069667937,-98.13949091,174.5222554,146.1583671
0.393914723,-0.043539057,-0.005520773,-6.307251957,-172.7734335,-0.802956268
-0.00324491,-0.21748904,-0.04430659,-90.8547826,-168.4853425,-94.18872899
0.339426083,0.047618286,0.3706651,7.985939422,82.67947139,47.5189871
0.538318147,-0.043879201,0.438027731,-4.659971347,95.72049111,39.1351376
0.604807769,0.138986234,0.582927283,12.94200733,76.58945617,43.944615
0.720457614,0.282584836,0.749086945,21.41658383,69.33156664,46.11608211
0.652537732,0.867377915,1.094808768,53.0454626,51.6114709,59.20383349
1.317100301,0.522801901,1.159085168,21.64981129,65.72238705,41.34868194
1.219555039,0.726552599,1.150508751,30.78446455,57.72736421,43.3312929
1.360648908,0.989573291,1.637540157,36.02766115,58.85523206,50.27646037
0.856082117,0.344332762,1.076290662,21.9109439,72.25920372,51.50124333
0.84808023,0.44801118,1.220003643,27.84593002,69.83569545,55.19507262
0.533430422,0.511160686,0.790760962,43.77869088,57.12071857,55.99724029
0.638193854,0.145527939,0.810009544,12.84556754,79.81478527,51.76597772
0.5,0.09,0.58,10.20397372,81.17962045,49.2363948
0.240465436,-0.229941737,0.393027873,-43.71842303,120.3298531,58.54054016
0.272079081,-0.509592729,0.187501329,-61.90158326,159.7992363,34.57238795
-0.136838086,-0.670777276,0.635543009,-101.5300911,136.5450158,102.1507975
-0.404586421,-0.161785164,0.755434117,-158.2046222,102.0879713,118.172082
-0.081532408,0.033569749,-0.015175917,157.6213185,-24.32635627,-169.4559959
0.124660612,-0.414954265,0.129960774,-73.27867445,162.6098088,46.19248832
-0.099898746,-0.575866866,0.457355907,-99.84146723,141.5432482,102.3214088
0.227044308,-0.496104663,1.138660762,-65.40860698,113.5423412,78.72335152
0.42766684,0.107355728,0.828615988,14.09158679,82.61786409,62.70075146
0.39470318,0.100413505,0.896992258,14.2734072,83.61263542,66.24908272
0.502968052,0.252953798,0.941300729,26.69883822,74.95837851,61.88293855
0.620020201,0.512094188,0.928938187,39.55437196,61.13344416,56.27885436
1.036982521,0.432896529,0.790668359,22.65848138,61.29898271,37.32444391
1.175321535,0.743693221,1.097428479,32.32387949,55.87572516,43.03709286
0.434217957,-0.0182033,1.133124087,-2.400549989,90.92036041,69.03295562
0.216216974,0.923704894,1.758814893,76.8256399,62.29217513,82.99160283
0.75040864,0.488597699,1.421525126,33.06850706,71.03145087,62.17088299
0.430204619,0.744271183,1.5457573,59.97117167,64.28951458,74.44741446
0.43539291,0.440655997,1.330858428,45.34421486,71.67995244,71.88439131
0.26285746,0.464850946,1.343637141,60.51331165,70.91618907,78.93095019
0.253241885,0.300602052,1.039865496,49.88757268,73.87659109,76.31300277
-0.038872376,0.0055936,0.674155837,171.8115454,89.5246169,93.30006731
-0.056803452,0.074729166,0.826751254,127.2393465,84.83513087,93.93043404
-0.048609816,-0.302476294,0.619000546,-99.12972497,116.0425726,94.49019507
-0.460074141,-1.11541288,-0.001558769,-112.4146693,-179.9199302,-179.8058779
-0.686837701,-0.497998106,0.636875156,-144.0556588,128.0232712,137.16156
-0.432905387,-0.731486994,0.18203889,-120.617707,166.0251716,157.1930019
0.00118463,-0.801961417,0.023037692,-89.9153647,178.3545348,87.0563646
-0.166148546,-0.773175635,0.56855916,-102.127915,143.6708815,106.2898073
-0.015270453,-0.244457855,0.5444633,-93.57442861,114.1795402,91.60654209
-0.020231856,-0.027876474,0.853254658,-125.9709491,91.87123079,91.35830821
0.215056745,0.133217047,1.127121378,31.7761727,83.25935266,79.19770241
0.018222081,0.138335403,1.389518083,82.49597764,84.31457336,89.24866864
0.1005933,0.080039738,1.700279719,38.50844626,87.30482218,86.61416829
0.798427973,0.308422229,1.300290364,21.12089111,76.65633082,58.44848497
0.280173955,0.508269229,1.16209092,61.13506661,66.37664577,76.44497611
0.765094403,0.025831099,2.096726065,1.933684254,89.29416717,69.95299664
0.43265948,0.029093623,1.599285258,3.846988724,88.9578107,74.86196368
0.051741069,0.306657145,1.320613848,80.42290771,76.92713878,87.75632418
0.07355625,0.151507996,1.233501318,64.10369679,82.99757117,86.58737471
0.062764751,-0.127733958,0.987540416,-63.83184097,97.37003499,86.36336417
-0.162312392,-0.237961742,0.847302897,-124.2976828,105.6871919,100.8444084
-0.226952063,-0.45360272,0.540358163,-116.5802777,130.0117198,112.782553
-0.290779546,-0.142451965,0.276179672,-153.8999149,117.2844363,136.4751084
-0.435485521,-0.607264404,0.247477474,-125.6453176,157.8277103,150.3913205
-0.841911942,-0.458236252,-0.229445245,-151.4414093,-153.4022371,-164.7554666
-0.845592389,-0.431528402,0.590046799,-152.963564,126.1797241,145.09301
-0.250376473,-0.490457698,0.657312327,-117.0441094,126.7286896,110.8523097
-0.687006174,-0.329229858,0.889273594,-154.3951402,110.3157294,127.6877939
-0.324400373,-0.181729377,0.984420453,-150.7424122,100.4593585,108.2388279
-0.451622425,-0.17905846,1.055465411,-158.3727519,99.62848813,113.165567
-0.23,-0.07,1.13,-163.0724869,93.54476646,101.5048153
-0.116088921,0.086656533,1.255475714,143.25988,86.05154347,95.28289426
0.135515129,0.055457967,1.706250338,22.25625254,88.13838031,85.45894275
0.444327225,0.330059814,1.278690799,36.60609106,75.52655129,70.83837338
0.11044501,0.577981786,1.609766464,79.18191487,70.2494776,86.07512529
-0.146570746,0.677926755,1.520390515,102.1998219,65.96839105,95.50648905
0.844161358,0.410250114,1.737130878,25.91907628,76.71219022,64.08249599
0.295464962,0.350066572,1.280931749,49.83479545,74.71484524,77.01110262
-0.481072135,0.353497263,1.536808611,143.6911321,77.04612781,107.3818531
-0.386889534,0.200623136,1.308266102,152.59082,81.28158742,106.4743679
-0.355693394,-0.325108599,0.933899735,-137.5722636,109.1939976,110.8502825
-0.506111173,-0.504868163,0.742121525,-135.0704457,124.2276068,124.2931601
-0.430115116,-0.712113283,0.637756459,-121.1318992,138.1529197,123.9964774
-0.89767638,-0.744432271,0.883401802,-140.331489,130.1204437,135.4591913
-0.77791346,-0.808959027,1.001440829,-133.8792086,128.9311089,127.8398546
-0.593901251,-0.453534316,0.685294333,-142.632738,123.4969705,130.9134042
-0.653587521,-0.552164693,0.875770807,-139.8081624,122.2310193,126.7339704
-0.723486173,-0.447037855,0.618493065,-148.2883247,125.8588596,139.473566
-0.870969867,-0.464034771,1.272169858,-151.95223,110.039871,124.3968412
-0.432171059,-0.720717122,1.339650085,-120.9486018,118.2797664,107.8796987
-0.472779867,-0.436054332,1.300449858,-137.3140348,108.5368369,109.9787875
-0.207345142,-0.298471404,1.329997413,-124.7873276,102.648478,98.86102133
-0.218740941,0.06562919,1.345904435,163.2990959,87.208346,99.23119147
-0.001055283,-0.11015247,1.008012572,-90.54888829,96.23635895,90.05998261
0.595654056,-0.059043228,0.78172263,-5.660858001,94.31932844,52.69346127
0.577076465,0.01270657,1.395613152,1.261384362,89.47835635,67.53524122
0.040578597,0.350010113,1.54773486,83.38690878,77.25727338,88.49816019
0.574349366,0.29734653,1.38276702,27.37106392,77.86407542,67.44384113
-0.032578397,-0.004019913,0.755038136,-172.9657169,90.30504666,92.47066664
0.201535555,0.007260915,0.754779989,2.063357659,89.44883679,75.0500948
-0.009499494,-0.021759277,0.89290391,-113.5847406,91.3959711,90.6095397
-0.028482792,-0.040772056,0.914317709,-124.9376149,92.55329206,91.784299
-0.13309308,-0.095314592,0.909062607,-144.3916601,95.9855534,98.32932354
-0.131543018,-0.240464036,0.761923267,-118.6803447,107.5157683,99.79532791
-0.105631345,-0.140498024,0.805537897,-126.93713,99.89372932,97.4706523
-0.203557233,-0.433700296,0.603662475,-115.1430129,125.6952929,108.6342978
0.062215773,-1.03114252,0.409667235,-86.54714573,158.3323484,81.36453109
-0.483610048,-0.744233545,0.714995998,-123.016195,136.1478413,124.0736923
0.046907288,-0.683070177,0.697124165,-86.07159414,134.4165993,86.15055006
-0.27677029,-0.514444462,0.774679937,-118.2801797,123.5870853,109.66031
0.106131442,-0.471248302,0.745874111,-77.30797811,122.2849739,81.90166873
0.012256536,-0.10851895,0.807720039,-83.5561081,97.65199175,89.13064697
0.275157206,-0.111445113,1.035329835,-22.04910027,96.14378386,75.11668222
0.226718061,0.182383814,1.075831729,38.81501048,80.3782297,78.09975744
0.604287026,-0.161553491,1.376260786,-14.96772966,96.69507241,66.29473721
0.675310577,0.065420436,1.761672552,5.533239114,87.87327486,69.02642815
0.844554634,0.179085028,1.124467141,11.97204731,80.95094957,53.09085056
0.951121421,0.192576302,1.488494827,11.44610409,82.62821896,57.42215401
0.652088545,0.04208397,0.770968114,3.692588372,86.87556041,49.7752976
0.319685366,0.079325984,1.230127846,13.93577294,86.31033499,75.4322354
0.664022803,0.22369577,0.914515148,18.61762398,76.2550047,54.01687116
0.397317741,0.029034236,0.991742127,4.17949498,88.32308812,68.16767426
0.25,-0.16,1.01,-32.61924307,99.00175512,76.09731289
0.039860944,-0.142459601,0.812226362,-74.36810132,99.94814576,87.19039781
-0.051033066,-0.35235668,0.569413249,-98.24104604,121.7494958,95.12139102
0.089836855,-0.510930394,0.964902309,-80.02762251,117.9018977,84.68083297
0.060900238,-0.029227018,0.718430859,-25.63710941,92.32960749,85.1547116
-0.368651156,-0.298511364,0.007866056,-141.0015447,178.4905514,178.7776427
-0.077256595,-0.344949687,0.566378872,-102.6239176,121.3432561,97.76746141
0.058199351,-0.615478799,0.196008751,-84.59820313,162.3351185,73.46267655
0.301820511,-0.179273771,0.150927979,-30.70924351,139.9064622,26.56774263
0.171419619,0.058633946,0.517186132,18.88321254,83.53193305,71.66239448
0.485961367,0.031400975,0.732737384,3.697095596,87.54612878,56.44712295
0.594301594,0.141699756,0.923185457,13.4106868,81.27377186,57.22854878
0.700998306,0.235116838,0.937268796,18.54160021,75.91775881,53.20659852
1.047670278,-0.07239031,1.419889957,-3.952653255,92.91858618,53.5781219
1.168914436,0.035276645,1.246652599,1.728603501,88.37912851,46.84326574
1.284780822,0.391587484,1.194737458,16.95066197,71.8529112,42.92022561
0.710937808,0.199169029,1.549534348,15.65020094,82.67566,65.35399312
0.570228668,-0.11941122,1.541251249,-11.82736338,94.43024356,69.69664768
0.905679194,0.107117283,1.412771824,6.745201393,85.66409257,57.33747102
0.846700941,0.14578678,1.645489772,9.769516955,84.93693977,62.77152423
0.787331579,0.147812274,1.146714325,10.63284327,82.65503532,55.52659158
0.545890564,0.020736733,0.876073103,2.175447549,88.64405668,58.07252297
0.456259606,-0.12379677,0.442616048,-15.18055952,105.6259533,44.1304045
0.275008799,-0.110662264,0.206102921,-21.91962543,118.2325608,36.84940094
0.518384118,-0.194384539,0.142304875,-20.55512413,143.7929182,15.35048109
0.545859566,-0.402168192,0.070673022,-36.38135023,170.0331757,7.377108301
-0.196421439,-0.122197847,0.089610491,-148.113401,143.7465475,155.4767967
0.028032083,-0.266989863,0.295934705,-84.00630019,132.0565185,84.58886692
0.607035109,-0.295248575,-0.125877369,-25.93727303,-156.9093298,-11.71506295
0.678937255,-0.259882268,0.50533975,-20.94574822,117.2155066,36.66067674
0.635576411,-0.034849595,0.609972361,-3.138469637,93.26992914,43.82236851
0.710128955,-0.032747563,0.583415945,-2.640321572,93.21268274,39.40527241
0.950679346,0.05311255,0.846669131,3.197676234,86.41047199,41.68806157
0.756712025,0.179740824,0.876697442,13.36177504,78.41375436,49.20123239
1.128586346,0.77486647,1.278048759,34.47277088,58.7720418,48.55375069
1.515293492,0.864156436,0.993217328,29.69567152,48.97484761,33.24331913
0.99645967,0.711668834,0.809485083,35.53432435,48.67928088,39.08906511
1.385669672,0.118952282,0.674854098,4.906505327,80.00351628,25.96718396
0.890403123,0.453151894,1.116620519,26.97285898,67.91148364,51.43083059
0.811581996,-0.020285852,1.037252037,-1.431835254,91.12040804,51.9591402
1.052515387,0.08901998,0.943603671,4.834474709,84.61064216,41.87693958
0.816532677,-0.012986433,0.564659853,-0.911176147,91.31749526,34.66516394
0.791184914,-0.214645267,0.44065415,-15.17876009,115.9709896,29.11582561
0.463656605,-0.287338315,0.261710769,-31.78741631,137.6724118,29.44253653
0.576534284,-0.349972436,-0.078296396,-31.25892182,-167.3893526,-7.73375589
0.071032024,-0.443397334,-0.283751239,-80.8985791,-147.3828704,-75.94585295
-0.002633436,-0.334815783,-0.415768959,-90.4506408,-128.8442459,-90.36290046
-0.069942844,-0.30199212,0.221644046,-103.0400659,143.7235713,107.5138115
0.526265072,-0.168858229,0.086778666,-17.78943861,152.8007182,9.363548258
0.738688674,-0.072004955,0.422758411,-5.567416238,99.66596182,29.7829082
0.369432386,-0.000251615,0.148273957,-0.039023277,90.09722848,21.86836186
0.753269901,-0.196791347,0.373515732,-14.64125103,117.7830542,26.3749319
0.85,0.1,0.57,6.709836808,80.04937331,33.84534026
0.962732529,0.289965243,0.468541531,16.76176684,58.24797109,25.95120575
1.071735922,0.387201488,0.368105876,19.86399811,43.55176187,18.95590318
0.911077634,0.745417948,0.93686541,39.28906003,51.49245123,45.79950236
1.365908247,0.516882423,0.355967512,20.72747702,34.55447685,14.6068766
1.227072467,0.223652007,0.623119791,10.32961,70.2557716,26.92192023
1.740354378,0.822291931,0.775480796,25.29004777,43.321843,24.01717275
0.907668095,-0.014342702,0.753489372,-0.905295582,91.0904959,39.69733931
0.926563194,0.114312018,0.96242064,7.033159386,83.22639785,46.08748079
1.00557,-0.117779444,0.670883377,-6.680447238,99.95730498,33.70991944
0.905572757,-0.093229729,0.597900396,-5.877956294,98.86267825,33.43461071
0.798634484,-0.329757593,0.30798001,-22.4358171,136.955787,21.08829762
0.463796662,-0.291034465,0.26669872,-32.10845363,137.4984197,29.90035379
0.810629008,-0.322393679,-0.324199549,-21.68811383,-134.8399791,-21.79823767
0.352787249,-0.372590857,0.179663914,-46.56384843,154.25656,26.98837306
0.103446027,-0.426993685,0.156287736,-76.38157194,159.896422,56.49963502
0.498522066,-0.237031945,0.212953238,-25.42965373,138.0629759,23.13067786
0.299224924,-0.747655935,-0.506962359,-68.18785267,-145.8600185,-59.44957642
0.804487831,-0.664434929,-0.254586797,-39.55365735,-159.0350224,-17.56040415
0.765115443,-0.058532848,-0.214831121,-4.374719583,-105.2408547,-15.68381902
0.900151613,-0.110109356,0.335085148,-6.973952737,108.1905813,20.41799014
0.924073892,0.019171866,0.461391655,1.188551547,87.62059963,26.53303402
1.096048442,-0.008508006,0.661294897,-0.444745881,90.73710825,31.10445368
1.133331482,0.458970307,0.814895338,22.0466904,60.61065407,35.71713491
1.278202872,0.748667472,0.52009289,30.35830868,34.78737807,22.1411054
1.532353713,0.603004668,1.090911806,21.48039799,61.06824935,35.44778829
1.049365477,0.378860627,0.661199633,19.85149955,60.18773238,32.21481211
0.900673705,0.056743091,0.705836186,3.604910953,85.40380195,38.08494007
1.351837718,0.605660628,1.212848241,24.13369731,63.46381041,41.89797186
1.386062109,0.105041068,1.000051097,4.333808516,84.00388388,35.81064654
0.964948667,0.214895448,0.644555378,12.55496954,71.56155873,33.74167806
0.922349679,-0.018026654,0.514436218,-1.119661799,92.00691301,29.15038868
0.79527631,-0.159235901,0.428253908,-11.3224455,110.3964386,28.30233089
0.61588942,-0.38292384,0.098037182,-31.87092005,165.6394448,9.044452532
0.61061754,-0.36308081,-0.133429274,-30.73624483,-159.8220264,-12.32625338
0.497871662,-0.515632102,0.237748319,-46.00393721,155.2464568,25.52584367
0.165589965,-1.035465303,-0.322860178,-80.91428123,-162.6824157,-62.8474179
0.435800965,-0.958055294,-0.267120639,-65.54012309,-164.4207073,-31.50587441
0.390254801,-0.462902898,0.038200529,-49.86711017,175.2824216,5.590651035
0.489755345,-0.034938313,0.218658185,-4.080470701,99.07826911,24.05904737
0.400716788,-0.008707862,0.284677674,-1.244882251,91.7520454,35.39079091
0.693599572,-0.097110401,0.451114475,-7.970133828,102.1485428,33.03981994
0.867181432,0.150285924,0.536176516,9.831926746,74.34224696,31.72841752
1.024090919,0.213775061,0.863814339,11.79095715,76.09983597,40.14742376
1.211828777,0.093737882,0.879540369,4.423159091,83.91660906,35.97199141
0.959018345,0.282177078,0.586976647,16.39574598,64.32502635,31.46912792
1.411449182,0.878411101,1.369892845,31.89594355,57.33094595,44.14400114
1.132355631,0.530591633,1.132427381,25.10653472,64.89486009,45.00181517
1.237196891,0.561542232,1.21308369,24.41247484,65.16035647,44.43617069
0.769034272,0.606740694,1.127168052,38.27218422,61.70696639,55.69540879
0.987711031,0.128607507,1.035198099,7.418610092,82.9181626,46.34475093
0.879521151,0.131160499,0.663066951,8.481850247,78.81083431,37.01247242
0.72,-0.12,0.67,-9.462322208,100.1542666,42.93988898
0.635427807,-0.246796952,0.642899066,-21.22591865,111.0008639,45.33486488
0.522924941,-0.34402946,0.227204742,-33.34069926,146.5583361,23.48437995
0.610492773,-0.128801888,0.552191991,-11.91355777,103.1297998,42.12940821
0.539497628,-0.452582354,0.42135459,-39.99314974,137.0464385,37.99029441
0.486246168,-0.655778497,-0.231842261,-53.4438312,-160.5295909,-25.49181467
-0.326107295,-0.089849309,0.241151284,-164.5960163,110.4346302,143.5176493
0.194046572,-0.075887365,0.2450149,-21.35937972,107.2090868,51.62152753
0.3474583,-0.286880309,0.311733497,-39.54491772,132.622565,41.8978983
0.532940131,0.106395636,0.297643011,11.29004298,70.33003394,29.1830264
0.395346191,0.040882799,0.625208192,5.903978411,86.25871549,57.69306145
0.475557925,0.222812862,0.745988017,25.1044707,73.37008482,57.48300467
0.507529964,0.344254194,0.958554235,34.14878331,70.24480823,62.09992427
0.645232356,0.144244477,1.111034604,12.60151875,82.60272458,59.85416059
0.878319288,0.266157078,1.318426439,16.85838189,78.58681804,56.3289412
0.360701588,0.750252753,0.954121997,64.32298902,51.82104185,69.29112369
0.313703991,0.103405785,1.526778991,18.24369434,86.12538494,78.3891516
0.345092203,0.823882753,0.674382793,67.27309997,39.30177288,62.90046503
0.89294659,0.757469812,0.977145307,40.3073156,52.21764179,47.57793495
0.232978309,0.25450662,0.92541102,47.52865337,74.62267871,75.86907164
0.218531442,0.093949467,0.654517198,23.26348884,81.8315531,71.53676866
0.102057389,0.01275288,0.525788669,7.122643121,88.61057678,79.01528668
-0.125555159,-0.349519747,0.54442319,-109.7594012,122.7004673,102.9865268
-0.420557221,-0.628279712,0.35826012,-123.7975196,150.3071773,139.5733156
-0.039212327,-0.720590711,0.267367412,-93.11478779,159.6431712,98.34356439
-0.326937524,-0.398503843,0.575310634,-129.365881,124.7094146,119.6087029
-0.384691309,-0.202187444,-0.044051527,-152.2743206,-167.7087826,-173.4674364
-0.899498818,-0.471171323,-0.139797269,-152.3537609,-163.4742948,-171.1659453
-0.677023145,-0.041879416,0.234559964,-176.4602978,100.1231823,160.8909566
0.057948738,-0.389190309,0.828503702,-81.53112752,115.1618305,85.99902859
-0.130987102,0.337392333,0.726395201,111.2178944,65.08631484,100.2220009
0.021899992,0.374668775,1.023576528,86.65477589,69.89541128,88.77431177
0.130722178,0.54330291,1.144923584,76.47141726,64.6141627,83.48643391
0.01564037,0.237313696,1.529306565,86.22932374,81.17934588,89.41405079
0.284239211,0.624211944,1.333791636,65.51752597,64.92049554,77.96987502
0.688398516,0.746026778,1.87300065,47.30062972,68.28232729,69.81971246
0.765490316,0.002015288,1.629697284,0.150840854,89.92914793,64.83993653
-0.03188688,0.70170393,1.629967847,92.601849,66.7080399,91.12072803
-0.03028784,0.060620204,1.368235505,116.548216,87.46314735,91.26811652
0.647555894,0.760016184,1.15530541,49.5680372,56.66113287,60.72909749
0.111533932,0.288047233,0.998436584,68.83324326,73.90724047,83.62599556
-0.050465239,0.341721492,1.011251212,98.40068914,71.32888684,92.8569049
-0.20415002,0.179339816,0.842799705,138.7016409,77.9871734,103.616396
-0.393249911,-0.150118889,0.590580498,-159.1061864,104.2618973,123.6584601
-0.597008236,-0.4193261,0.91156115,-144.9165977,114.7028438,123.2219698
-0.625459794,-0.061760285,1.040580271,-174.3606773,93.39662154,121.0087412
0.005859707,-0.07635779,1.048220184,-85.61171488,94.1663624,89.67971138
-0.297561673,-0.120283989,1.189021328,-157.9898587,95.77651423,104.050136
-0.246527954,-0.254596339,0.400057535,-134.0775851,122.4726471,121.6426732
-0.802816922,-0.475367306,1.037423259,-149.3691993,114.6181627,127.7347356
-0.593332523,-0.085590246,0.846631475,-171.7915123,95.77270653,125.0233699
-0.151657857,-0.009880485,0.83070124,-176.2724571,90.68145245,100.3463204
-0.13,-0.02,0.79,-171.2538377,91.45021629,99.3446719
-0.068505302,0.038503461,0.838826328,150.6618004,87.37187742,94.66887246
-0.057679843,0.139875151,1.05629642,112.4096162,82.45675866,93.12557405
0.487822013,-0.015907252,0.880281164,-1.867680321,91.03525926,61.00626413
0.220068227,-0.004495202,1.339246335,-1.170183863,90.19231349,80.66841139
0.334456067,0.985386451,1.80841561,71.25195836,61.41450301,79.52187048
0.284008031,0.354340592,1.533545996,51.287427,76.98958609,79.50787163
0.049034787,0.46979326,1.535777875,84.04131475,72.99116911,88.17126402
-0.11543462,0.638461076,0.994066584,100.2484402,57.28850492,96.62372722
-0.011663695,0.348023217,1.016605475,91.91949972,71.10194896,90.65733581
-0.151815322,0.228289499,1.042157428,123.6243944,77.64425217,98.2882101
-0.262447223,0.013421204,1.079637356,177.0725197,89.28778052,103.6629259
-0.545421901,-0.096350347,0.978820715,-169.9818917,95.62180689,119.1275792
-0.789836905,0.045476864,1.290945112,176.7046884,87.982443,121.4594796
-0.874097979,-0.206407217,0.448693119,-166.7137073,114.7033137,152.8276041
-1.060121381,-0.27210616,1.179370305,-165.6043985,102.9920237,131.9519809
-0.593237022,-1.090180604,0.326238614,-118.5534403,163.3400878,151.192302
-0.548890917,-0.541088975,0.59466053,-135.4101092,132.2994479,132.7080116
-0.740994231,-0.744573235,0.342141232,-134.8619643,155.3205943,155.2156876
-0.579730537,-0.437704271,0.695839508,-142.9467097,122.1711448,129.7989752
-0.170564018,-0.250880205,0.758590001,-124.2103106,108.3000374,102.6718475
-0.118829057,-0.027106266,0.848251009,-167.1500486,91.83029114,97.97450708
-0.055605293,-0.04589695,1.123429255,-140.4635258,92.33947969,92.83360142
0.335566558,0.095153517,1.37956082,15.8312569,86.0543429,76.32878268
0.101890762,0.433071275,1.421330821,76.76052828,73.0543247,85.89965902
0.79387846,0.683820089,2.028170235,40.74049875,71.36789544,68.62333587
0.736177817,0.780338505,1.984423319,46.66797166,68.53366606,69.64624348
0.055023178,0.750003326,1.368237274,85.80407458,61.27051875,87.6971114
0.085275493,0.594948284,1.038542841,81.84320179,60.19297173,85.30593322
-0.102276761,0.338740246,1.148001445,106.800783,73.56027605,95.09110514
-0.072678288,0.670228358,0.961969999,96.188863,55.13411663,94.32057458
-0.003164278,0.268713399,0.966197322,90.67466455,74.45798454,90.18764194
-0.119056105,-0.092012822,0.818996606,-142.3012634,96.41019966,98.27105096
-0.406764613,-0.147267637,0.682494901,-160.0973969,102.1765002,120.7947967
-0.543345218,-0.120056025,0.278967013,-167.5402817,113.2850723,152.8229027
-0.159158053,-0.290111069,0.371081515,-118.7496464,128.018252,113.2146485
-0.377839485,-0.935336619,0.52308102,-111.9967856,150.7841764,125.8418818
-0.773576977,-1.110227582,0.424265371,-124.8677554,159.0860083,151.2576003
-0.539776875,-0.389952923,1.299087912,-144.1543904,106.7084106,112.5631045
-0.512242123,-0.835240834,0.967629204,-121.5202371,130.8001937,117.8957835
0.240471862,-0.548692362,1.718226239,-66.33391282,107.7101807,82.03299984
0.072445652,-0.109759712,1.662856746,-56.57364624,93.77642806,87.50537327
0.177381791,0.06489248,1.705504141,20.09429193,87.82101229,84.0622728
0.339005876,0.363528441,1.733413955,46.99914682,78.15568618,78.93426499
0.544705661,0.528861386,1.18445592,44.15445971,65.93916487,65.30332171
0.392451904,0.729429808,1.222219823,61.71861138,59.1709357,72.19829805
0.392732212,0.47891476,1.318555035,50.64666581,70.03838068,73.41381339
0.698641032,0.865904069,1.067210212,51.10222318,50.94510589,56.78954214
0.456206267,0.695650854,0.978635021,56.74322751,54.59334296,65.00667222
0.682131541,0.568081095,0.389443833,39.78762886,34.43230084,29.72299209
0.447646337,0.304026397,0.517306815,34.18303358,59.55681962,49.12904972
0.315035454,-0.01564209,0.588687476,-2.842506564,91.52205534,61.84658642
0.4,-0.2,0.6,-26.56505118,108.4349488,56.30993247
0.200620506,-0.516090256,0.470814399,-68.75733125,137.6266954,66.92047764
0.468316101,-0.568598636,0.269283027,-50.52403372,154.6582,29.89901854
0.476607279,-0.638205552,0.899682316,-53.24789115,125.3506574,62.08756571
0.148631648,-1.158502832,0.664882482,-82.68910022,150.1478272,77.39894905
0.543583179,-0.648509921,0.860701751,-50.03014902,126.9967998,57.72520877
0.207549794,-1.065541991,1.032142439,-78.9777522,135.9121923,78.63022871
-0.017859328,0.059824082,1.033121827,106.6219822,86.68592428,90.9903597
0.531054471,-0.08076737,0.57705964,-8.64776838,97.96756736,47.37736269
0.323914267,0.321135562,1.044268077,44.75318636,72.9061777,72.76699534
0.515969383,0.16240522,0.942423954,17.47178516,80.22241482,61.29965673
0.6572628,0.29813998,0.831142028,24.399447,70.26651966,51.66323567
0.896756095,0.505929851,0.985581086,29.43072498,62.82714043,47.70170757
1.024210081,0.504950516,0.78440097,26.24396987,57.22898366,37.44703937
1.021455165,0.162432168,0.769658523,9.035540364,78.08291737,36.9977405
1.267721582,0.888511326,1.652256868,35.02556115,61.73058405,52.50217623
0.713588259,0.542615045,1.653899795,37.24948735,71.8362586,66.66183211
1.222170102,0.857096811,1.26637083,35.04163103,55.90932965,46.01756369
1.050298308,0.669917203,1.479744713,32.53116322,65.64255563,54.63349805
0.731471165,0.562570416,0.974703813,37.56368484,60.00771993,53.11342841
0.76024646,0.086770746,0.776367314,6.511278891,83.62279882,45.60107686
0.673422669,-0.018701045,0.686562054,-1.590703286,91.56027569,45.55354141
0.689202992,-0.286712438,0.368357413,-22.5875935,127.8955461,28.12310792
0.261377407,-0.262588749,0.042717781,-45.13246021,170.7600995,9.281978769
0.562573037,-0.659284888,0.294821198,-49.52561002,155.9066035,27.65716944
0.5958887,-0.535079289,-0.149054723,-41.92230818,-164.4339881,-14.04371352
0.256195147,-0.465506864,-0.276597437,-61.17348698,-149.2818317,-47.19296269
0.403753146,-0.442724548,0.149989176,-47.63600708,161.2843048,20.37939336
0.516845478,-0.767017046,0.110919648,-56.02640024,171.7714031,12.11246102
0.739888097,-0.736751967,0.457150643,-44.87831381,148.1806204,31.71044995
0.554647947,-0.337723882,0.421626851,-31.3371407,128.6947918,37.24101551
0.820911484,-0.101738666,0.564052401,-7.064858603,100.2245591,34.49315289
0.965708212,0.057095205,0.792315499,3.383538216,85.87832194,39.36717303
1.266900452,0.151567099,0.85900844,6.822221674,79.99348378,34.13881774
1.013936629,0.272823195,1.351212921,15.0600711,78.58488875,53.11580494
1.144407402,0.552254057,0.806998687,25.76045591,55.61496174,35.19023951
1.519305866,0.802624877,1.185025643,27.84677399,55.88998247,37.9534587
1.853813087,0.578905204,0.758635727,17.34244039,52.6532112,22.25584478
1.292859382,0.60481388,1.260414295,25.07071157,64.36582882,44.27196738
1.228337792,0.333030901,0.417707443,15.16954133,51.43525185,18.78106841
1.294593872,0.433456423,0.680842059,18.51159636,57.51723125,27.74040706
0.923573718,0.169368667,0.524966749,10.39166784,72.11887609,29.61424917
0.805266505,-0.071777108,0.352354008,-5.093575414,101.5140328,23.63235842
0.577922917,-0.072476266,0.234467357,-7.148042817,107.1769157,22.08273754
0.215582187,-0.079226755,-0.17423465,-20.17845057,-114.4519086,-38.9453246
0.779790217,-0.664317307,-0.294949895,-40.42827429,-156.0592825,-20.71875437
0.692273995,-0.710743802,-0.08021853,-45.7542177,-173.5605282,-6.60977553
0.768893849,-0.1316046,-0.028874284,-9.712681961,-167.6252785,-2.150618823
0.16331898,-0.116551875,0.490150571,-35.51338584,103.3758321,71.57184175
0.865217646,-0.586715514,-0.061173146,-34.14171414,-174.0476356,-4.044231259
0.746450499,-0.454739799,-0.106753245,-31.34989364,-166.7886564,-8.138937753
0.825714462,-0.177969406,0.112151162,-12.16311215,147.7820582,7.734763109
0.93,-0.06,0.23,-3.691385986,104.620874,13.89119117
1.005448958,0.087905539,0.234469392,4.996615507,69.4483431,13.12670655
1.282314824,-0.047514862,0.157475107,-2.122065585,106.7901043,7.001172849
1.485207203,0.153122722,0.464287216,5.88631526,71.7473556,17.3596465
1.769513876,0.348045765,0.426984135,11.12746461,50.81563677,13.56615371
1.382238843,0.334121778,1.150868132,13.58915267,73.81085011,39.78115872
1.835449164,0.483781627,0.341208079,14.76600196,35.19507154,10.5310119
1.278112709,0.521579257,0.95475855,22.19965881,61.35246687,36.75997167
1.526910407,0.408352001,0.524798744,14.97260405,52.11310024,18.96783356
1.162378243,0.163346378,0.442460889,7.999263795,69.73701436,20.83939638
1.058927682,0.084127001,0.353499712,4.542349361,76.61357601,18.46045321
0.780594127,-0.134890591,0.15122238,-9.804174706,131.73301,10.96394222
0.546911364,-0.053996021,-0.040211079,-5.63848315,-143.3247796,-4.205045225
0.83526119,-0.054046306,0.254254117,-3.70221244,102.0006307,16.9302873
0.405351214,-0.178328467,-0.134830286,-23.74640745,-142.9078643,-18.39845814
0.035416427,-0.594190254,-0.106206738,-86.588948,-169.8658592,-71.55816608
0.854082357,-0.712750276,-0.179782739,-39.84573155,-165.8431325,-11.88711165
0.511919617,-0.144883599,0.187769485,-15.80258529,127.6539049,20.14277771
0.157921807,-0.450964838,-0.214471884,-70.70043384,-154.5649641,-53.63471716
0.493244544,-0.483942635,0.140018589,-44.45461414,163.8633158,15.84778914
0.835739885,-0.057403903,0.168247127,-3.929265223,108.8390259,11.38237026
0.980241571,0.07887723,0.30584012,4.60051489,75.53835701,17.32817477
1.030409154,0.302855603,0.313228157,16.37900163,45.9645562,16.90844592
1.136095655,0.595012474,0.764792452,27.6426016,52.11689974,33.94749791
1.523141687,0.686902183,0.928672276,24.27428948,53.51113066,31.37101279
1.65561366,0.475904512,0.593806429,16.03724494,51.28966669,19.7310033
1.030651489,0.960919162,0.847481326,42.99467995,41.41063773,39.42968504
1.694770915,0.64275318,0.944817211,20.76956629,55.77279316,29.13921343
1.563467578,0.705558675,0.69072217,24.28861401,44.39121335,23.83529566
1.181933083,0.168241396,0.440161053,8.10130226,69.08179893,20.42572124
1.150107852,0.248790757,0.686277023,12.20612211,70.07328767,30.82480926
0.906825774,0.039673788,0.434952174,2.505102986,84.78823687,25.62435551
0.845778449,-0.084768165,0.215338202,-5.723358121,111.4871443,14.28422217
0.826920881,-0.171842398,0.071710291,-11.73954641,157.3490924,4.956270688
0.703676286,-0.365934567,-0.270011919,-27.47589925,-143.5775191,-20.99261208
0.729232466,-0.452597591,0.349348457,-31.8257758,142.3363717,25.59736726
0.325750788,-0.992104689,-0.187616022,-71.82275955,-169.2913074,-29.93977224
0.582367711,-0.194269187,0.06138719,-18.44793013,162.463966,6.017308576
0.257842374,-0.797952334,0.292388416,-72.09279651,159.8759833,48.5925793
0.731645939,-0.117459767,-0.030846302,-9.1205432,-165.2857123,-2.414168884
0.66682763,-0.362065776,0.072542799,-28.50052513,168.6703422,6.208673383
0.710878394,-0.084833125,0.23755667,-6.805245559,109.6519967,18.47825836
0.982315557,0.165214948,0.456913387,9.547182775,70.12055664,24.94498088
1.253527638,0.21045259,0.699650102,9.53040987,73.25887533,29.16784929
1.270298147,0.389087114,0.949022311,17.02961168,67.70699278,36.76290388
1.109546466,0.202119881,0.746848201,10.32404812,74.85676128,33.94494031
1.386398982,0.782511088,1.245450243,29.44124473,57.8590284,41.93445191
1.319493716,0.841744522,1.040750097,32.53502183,51.03453913,38.26459535
1.038766103,0.11720987,1.269854839,6.437778183,84.72643956,50.71616223
1.158231202,0.683672393,1.005972523,30.55219846,55.79944784,40.97568882
1.253379796,-0.002290483,1.058083232,-0.104704808,90.12403073,40.17052364
0.796660593,0.196495937,0.481920126,13.85542435,67.81753437,31.17080378
0.69,-0.06,0.39,-4.969740728,98.74616226,29.475889
0.52421833,-0.19635842,0.222423285,-20.53463031,131.4385195,22.99127605
0.621707573,-0.108844535,0.175650055,-9.930332792,121.7851271,15.77649367
0.296729522,-0.126468599,0.224941603,-23.08410765,119.3459391,37.16465651
0.593795137,-0.224813655,0.392785436,-20.73690338,119.7849838,33.48396157
0.136007692,-0.080687912,0.466514596,-30.67895724,99.81274213,73.74648101
0.39719831,-0.114964912,0.476286318,-16.14253585,103.5703491,50.17363049
0.710138701,-0.296005409,0.359312796,-22.62772116,129.4820319,26.83829348
0.437299807,-0.470490453,0.110167256,-47.09391675,166.8213889,14.14006469
0.500408854,0.094585125,0.64414199,10.70352547,81.64644616,52.15775606
0.588095238,0.143304118,0.617266878,13.69466175,76.92979946,46.38637642
0.621426653,0.291901004,0.703699466,25.16072112,67.47087705,48.55275012
0.553584305,0.133424998,0.667163864,13.55098993,78.69070953,50.3155503
0.632784686,0.781517113,0.984244704,51.00333845,51.54946732,57.26246927
0.72624637,0.592442644,1.311246446,39.20618506,65.68576731,61.01970483
1.163945809,0.886206512,0.753560219,37.28496519,40.37522028,32.91977248
1.269723433,0.986735396,1.001518586,37.85171657,45.42600132,38.26528463
1.446643058,0.420775213,1.228363506,16.21776888,71.09113347,40.33502106
1.29426539,0.204052689,1.123358732,8.95945237,79.70474938,40.95637424
0.886800295,0.3475304,0.723090004,21.39984118,64.33020172,39.19353259
0.569050773,0.410457063,0.59371535,35.80296064,55.34248167,46.21517497
0.373339429,0.185740603,0.541552605,26.45086628,71.06916209,55.41811784
0.340468272,-0.088223714,0.603558444,-14.52722678,98.31617843,60.57258636
-0.161401544,-0.344640659,0.200024423,-115.094555,149.8697442,128.9003784
0.289776437,-0.515737605,0.699631328,-60.669763,126.3960155,67.50142238
-0.023133187,-0.635531079,0.149117051,-92.08463302,166.7953359,98.81825376
-0.145317699,-0.207924865,-0.105800884,-124.9495163,-153.0311009,-143.9429082
-0.186194027,-0.658313021,-0.056038104,-105.792765,-175.134495,-163.2499823
0.050885658,-0.115030006,0.704855316,-66.13690805,99.26876855,85.8708063
0.324072349,-0.40369345,0.162851111,-51.24360385,158.0307085,26.68019938
0.302549428,-0.195022151,0.66601971,-32.80566628,106.3209483,65.5693651
0.240193155,0.030305636,0.658828102,7.191120949,87.36629037,69.96933967
0.332514637,0.174340203,0.896985778,27.66839821,79.00099526,69.66014394
0.53178901,0.471732874,0.978652411,41.57519774,64.26486854,61.48082718
0.511295665,0.586949987,0.942949905,48.94068146,58.09932718,61.53212538
0.836391668,0.90115409,0.962907131,47.13456053,46.89741361,49.02206199
0.358165315,0.79585909,1.40222367,65.77053499,60.42208677,75.67149697
0.523245389,0.422810871,1.496471678,38.94010565,74.22297094,70.72768204
1.003661,0.762821413,1.554163927,37.23624711,63.85707389,57.14609573
0.865112154,0.48829314,1.737147174,29.44158023,74.29990551,63.5263555
0.487087527,0.436972628,1.386367198,41.8956977,72.50553622,70.6415378
0.292776211,0.262268278,1.303720302,41.85391221,78.62567225,77.34307946
0.119431804,0.143906488,1.018409776,50.30982147,81.95706389,83.31131271
-0.155112617,0.180193816,0.554545468,130.7221947,71.99896537,105.626905
-0.114931024,-0.093805525,0.490530896,-140.7790286,100.8261168,103.1864968
-0.246953344,-0.179350088,0.276032902,-144.0109377,123.0134626,131.8174649
-0.543773377,0.039373392,-0.218804413,175.8585706,-79.7989183,-158.081052
-0.772433557,-0.375350784,0.817426259,-154.0833639,114.66393,133.378974
-1.043008305,-0.752016197,0.385543935,-144.2081358,152.8566767,159.7133645
-0.382824223,-0.389643506,0.717762123,-134.4942106,118.4957133,118.0735905
-0.137054271,-0.060955756,1.05380673,-156.02259,93.31049341,97.41008781
0.079726391,-0.003619865,1.111763387,-2.599649502,90.18655254,85.89824648
-2.50E-16,0.12,1.1,90,83.77417094,90
0.068990569,0.396954561,0.9019477,80.14049863,66.24531279,85.62592574
0.16721107,0.058531644,1.280989427,19.29241802,87.3838307,82.56307298
0.04657654,0.410561413,1.011263741,83.52769589,67.90341497,87.3629485
0.131726357,0.871499528,1.671063522,81.40485624,62.45688347,85.49281666
-0.058265315,0.111379313,1.62862786,117.6151952,86.08772284,92.04892323
0.673883751,0.666192881,1.777063639,44.67117585,69.44977749,69.23267446
0.045052886,0.145814931,1.650006479,72.83025977,84.94975762,88.43594613
0.064329623,0.241353484,1.268961968,75.07552148,79.23110775,87.09789308
-0.103987813,0.131787652,1.276626272,128.2754108,84.10616545,94.65675663
-0.166375865,-0.131790376,1.226456863,-141.6163977,96.1332516,97.72534101
-0.262207259,-0.220226628,1.026234689,-139.9732602,102.1117946,104.3326725
-0.305763021,-0.580368189,0.627770793,-117.7821979,132.7530924,115.968933
-0.385369529,-0.533225421,0.325553746,-125.8561701,148.5943984,139.8094343
-0.621964358,-0.812549402,0.497064322,-127.4321794,148.5444453,141.3686911
-0.517521949,-0.362267394,-0.085291375,-145.007829,-166.7516893,-170.6413657
-0.564554024,-0.663722917,0.085624253,-130.3840533,172.6490993,171.3758432
-1.212874508,-0.123916692,0.013322657,-174.1664587,173.8635295,179.3706675
-0.920733563,-0.393307513,0.363599355,-156.8693981,137.2476726,158.4508465
-0.728726551,-0.384831716,0.66724068,-152.1620053,119.9742408,137.5219829
-0.436802022,-0.106192129,0.788496901,-166.3357536,97.67025256,118.9850483
-0.323816963,0.00071135,1.011531358,179.8741347,89.95970726,107.7511931
-0.213562284,0.191542952,1.108377787,138.1112275,80.19533863,100.9060991
-0.109763231,0.025259511,1.390682191,167.0403106,88.95942849,94.51286378
0.042984194,0.183519983,1.320097842,76.81776537,82.08546828,88.13502984
0.494869321,0.40727497,1.918669013,39.45420913,78.01573571,75.53729548
0.327065473,0.668467667,1.878061565,63.92858635,70.40758067,80.12098442
0.019698557,0.133965299,2.227041599,81.63504401,86.55758196,89.49322241
0.409007335,0.493744585,1.199405945,50.36238432,67.62511171,71.17019973
-0.277183643,0.398576743,1.258446375,124.8160474,72.42589751,102.4215507
-0.225496283,0.091784561,0.828300615,157.852026,83.67681191,105.2291118
-0.36865234,0.066619417,0.464235418,169.7565899,81.83360695,128.4533158
-0.540743618,-0.058659346,0.125407029,-173.8088187,115.0679207,166.9430228
-0.647524452,-0.545113694,0.199124482,-139.9078975,159.933266,162.906471
-1.14955839,-0.455670087,-0.099386356,-158.3772655,-167.6958937,-175.0587163
-1.085597196,-0.239839582,-0.143061154,-167.541837,-149.1844798,-172.4927593
-1.080877183,-0.74463263,0.241975978,-145.4364563,161.9979002,167.3812557
-1.204994955,-0.256174509,0.395829598,-167.9979562,122.9102906,161.8151307
-1.228703446,-0.470848009,0.406838124,-159.0328078,139.1712117,161.6796871
-1.046766611,-0.090602326,0.86266881,-175.0531232,95.99554481,140.5071378
-0.769988208,0.01523686,0.85869306,178.8663543,88.98343633,131.8825102
-0.613223136,-0.006798065,0.72980824,-179.3648568,90.533687,130.0387375
-0.441075189,0.114737919,0.810094096,165.4186819,81.93851576,118.5671439
-0.207409963,0.079981239,0.989273473,158.9124091,85.37777784,101.8410583
0.131482123,0.215224959,1.401842912,58.57901015,81.27153337,84.64177035
0.10046401,0.534100661,1.403046398,79.34717196,69.1595655,85.90437183
-0.273868815,0.574885824,1.453544678,115.4725784,68.42089943,100.6702613
-0.203084681,-0.073440972,1.439376174,-160.1186245,92.92085698,98.03097391
-0.014478499,-0.041866694,0.926320721,-109.076603,92.58782241,90.89546668
0.002181853,0.137391518,1.135975939,89.09018802,83.10381154,89.88995295
-0.24094906,-0.088607816,0.81939358,-159.8092528,96.17188411,106.3863834
-0.375228793,-0.224510885,0.781078084,-149.106624,106.0366189,115.659563
-0.52,-0.25,0.78,-154.3231843,107.7713208,123.6900675
-0.571304734,-0.457009821,0.601769359,-141.3422689,127.214617,133.5123683
-0.91463418,-0.347652482,0.427344182,-159.1882009,129.1289989,154.9566255
-1.050923229,-0.92451489,0.449753209,-138.6613665,154.0582453,156.8310075
-0.721501213,-0.724745496,0.795405333,-134.8714718,132.3386861,132.2107388
-0.611553134,-0.309383615,0.079154497,-153.1652347,165.6489556,172.6250978
-0.981052961,-0.722322189,0.055145709,-143.6368106,175.6342209,176.7827477
-0.192999399,-0.832340886,-0.102149097,-103.054778,-173.0033578,-152.109003
-0.627794852,-0.655089532,0.414527868,-133.7811575,147.67517,146.5635397
-0.392760064,-0.482662999,0.36620227,-129.1364764,142.8119685,137.0040901
-0.192189524,-0.207260633,0.515492361,-132.8392761,111.9032563,110.4468186
-0.202410565,-0.106197325,0.758337108,-152.3156679,97.97184307,104.9446307
-0.13021917,-0.267435915,0.996123964,-115.9622513,105.0281871,97.44780633
-0.042769116,-0.303956755,1.440469391,-98.00938637,101.9153184,91.70067489
0.762048865,0.456265439,1.567301948,30.9104395,73.76891849,64.07019094
0.757322255,0.470542407,2.080962686,31.85367169,77.25867973,70.00209627
0.864095191,0.256814306,1.765340343,16.552267,81.72291437,63.91927052
0.678641269,0.737148377,2.183344334,47.36638547,71.34410855,72.73337097
0.418852849,0.645557593,1.842471597,57.0235507,70.69077039,77.19250185
0.598453897,0.568743343,1.687602517,43.541873,71.3755343,70.47458744
0.171281538,0.473709299,1.302644993,70.12126588,70.01610836,82.50929263
-0.029673673,0.388067614,0.891458737,94.37262516,66.47566331,91.90648053
-0.281929763,0.235415581,0.790884746,140.1376122,73.42378173,109.6198238
-0.075984055,-0.193303724,0.43351464,-111.4588554,114.0320422,99.9415043
-0.555557956,-0.275564477,0.394467306,-153.6179486,124.9371363,144.6237974
-0.18857318,-0.225582299,0.470146578,-129.8935867,115.6322833,111.8554468
-0.727089898,-0.876592051,0.850424802,-129.6740335,135.8680623,130.5295354
-0.114853011,-0.755709202,1.182833185,-98.64170674,122.5744088,95.54602933
-0.494634017,-0.425240734,0.981210925,-139.3140935,113.4311181,116.7529332
-0.113125692,-0.312414983,1.002538463,-109.9053583,107.3082843,96.43798086
-0.052218871,-0.047975464,0.906954177,-137.4251281,93.02797227,93.29522867
0.072454452,-0.092702822,1.051480123,-51.98961223,95.03840469,86.05814466
0.301056091,0.025039545,1.027009078,4.754482009,88.60334624,73.66209792
0.41823493,0.165606866,1.233578326,21.60188808,82.35380584,71.27117998
0.462385639,0.15372596,1.352841418,18.39003984,83.51717799,71.13016184
0.830306963,0.574047489,1.756553244,34.6587332,71.90243454,64.70031864
0.568301207,0.781322478,1.535069463,53.9694287,63.0247325,69.68484065
0.201829552,0.60348699,1.319389593,71.50805789,65.4207084,81.30277621
0.925386614,0.633832819,1.33600048,34.40874078,64.61914039,55.29141991
0.743464633,0.557369409,1.059591319,36.85859796,62.25459743,54.94449424
0.393281542,0.01070092,1.141782897,1.55859417,89.46303311,70.99398142
0.172843799,-0.100960739,1.077886031,-30.28986205,95.35102597,80.88992376
0.12703368,-0.244954834,0.882201933,-62.58872634,105.5180055,81.80595289
-0.09352641,-0.279125517,0.819363082,-108.5244228,108.8120039,96.51185782
0.129200973,-0.552311667,0.76109022,-76.83368803,125.9678247,80.36544453
0.143651843,-0.39359936,0.32056514,-69.94944948,140.8390691,65.86186576
-0.302403559,-0.996945079,0.670350123,-106.8741356,146.0829454,114.2807477
-0.204724477,-0.70189657,0.059348967,-106.2605541,175.1668435,163.8332964
0.078665931,-0.800747163,-0.077342842,-84.38922874,-174.4830096,-44.51409396
-0.173076094,-0.221245125,0.572734939,-128.0354347,111.1213392,106.8144132
0.149438494,-0.270838251,0.350358923,-61.11171641,127.7051291,66.90031143
0.312962851,-0.093170585,0.376021725,-16.57852811,103.9164553,50.22939046
0.5,0.16,0.51,17.74467163,72.58202921,45.56726641
0.699891362,0.184133806,0.69781528,14.73987777,75.21818686,44.91489583
0.600554609,0.179131669,1.015671609,16.6086356,79.99773715,59.40467723
0.633397498,0.115891535,1.431170696,10.36861055,85.37047596,66.12711267
0.937125834,-0.011568728,1.93404946,-0.70727492,90.34271686,64.14791948
1.208987429,0.166677352,1.901409969,7.849614362,84.99026521,57.55027638
1.051906954,-0.227379492,1.531913813,-12.19735436,98.44267988,55.52409459
1.120954568,0.499405224,1.907400022,24.01382361,75.32787761,59.55779151
0.427465171,0.131759637,1.691190677,17.13111835,85.54511965,75.81502511
0.711207779,-0.231114468,1.502592806,-18.00211698,98.74416359,64.67085281
0.53638676,-0.1289902,1.086345971,-13.52172568,96.77146388,63.72199757
0.352651013,-0.181595618,0.872893578,-27.24594362,101.7521072,68.00117851
0.12585372,-0.141592315,0.898174211,-48.36784311,98.95864296,82.02354944
0.390044518,-0.3282985,0.573822027,-40.0871497,119.7749957,55.79484536
0.276658599,-0.586138327,-0.165105701,-64.73258488,-164.2683291,-30.82811865
-0.188627973,-0.166776076,0.229383273,-138.5183823,126.0195109,129.4313711
-0.171869748,-0.964120097,-0.092634495,-100.1077069,-174.5117597,-151.6761848
0.201242081,-0.274574171,0.102728602,-53.76140554,159.4872724,27.04307382
0.073615605,-0.853978394,0.783429391,-85.07310465,137.4671079,84.63191594
-0.084129596,-0.573721714,0.959846061,-98.34230242,120.8677163,95.00911959
0.238999403,-0.359881438,1.12432797,-56.41162685,107.7491318,77.99921424
0.564051339,-0.135949189,1.285321258,-13.55112665,96.03775959,66.3061764
0.689723821,-0.129681236,1.340007888,-10.64838338,95.52766948,62.76438416
0.882465653,0.438274524,1.160307672,26.41118643,69.3073119,52.74539479
1.343760531,-0.068140423,1.59598954,-2.902911165,92.44474598,49.90393774
0.825734716,0.26514238,1.454812495,17.80175917,79.67109888,60.42125796
1.317922502,0.590097873,1.471957732,24.12037908,68.15448542,48.16021345
0.90987134,0.41655236,1.368552578,24.59899713,73.07109384,56.38236813
0.724085913,0.271064893,0.805959853,20.52361868,71.41089256,48.06302041
0.771777167,0.667865999,1.389883911,40.8716405,64.33481844,60.95738534
0.517375733,0.388898645,0.996651843,36.93128635,68.68401652,62.56555065
0.370177652,0.155238732,1.049901056,22.75136363,81.58916744,70.57819719
0.308489961,-0.034003627,0.992528402,-6.290094501,91.9621631,72.73411661
0.314057955,-0.351361979,0.677872582,-48.20869293,117.3990811,65.14173926
-0.391284659,-0.672330895,0.241819055,-120.1986462,160.2177277,148.2833905
-0.398537255,-0.559100735,0.011310153,-125.4819681,178.8411111,178.3744302
-0.531031661,-0.786415986,0.403489354,-124.0294028,152.8388339,142.7716439
-0.246017503,-0.781680931,0.271297262,-107.4702904,160.8596945,132.2023374
-0.644715576,-0.433093969,0.417076423,-146.1083836,136.0793474,147.1005506
0.114361723,-0.624270713,0.073189723,-79.6189482,173.3131483,32.61861033
-0.277770714,-0.395259943,0.35422326,-125.0978046,138.134004,128.102424
0.006893443,-0.121918437,0.457101392,-86.76386008,104.9343114,89.13600073
0.243778275,0.133063234,0.76343144,28.62735111,80.11288313,72.2907219
0.225078373,0.265593193,0.940713851,49.72021279,74.23395298,76.54418014
0.341903821,0.255660789,0.842132688,36.78753976,73.11237624,67.90296728
0.727071614,0.471985878,1.051132276,32.99002469,65.81867286,55.32826422
0.588822674,0.329205888,1.817350169,29.2091947,79.73243337,72.0476409
0.913335395,0.056535321,1.3129889,3.542080634,87.53445318,55.1769279
0.146681999,0.368118355,1.835925946,68.27448654,78.662068,85.43203502
0.440378339,0.208637612,1.691454281,25.3501443,82.96819532,75.406741
0.358199676,0.287355431,1.551650433,38.73733067,79.50806749,77.0009484
0.285710223,0.143267048,1.295727285,26.63110019,83.69050168,77.56515961
0.05,0.02,1.06,21.80140949,88.91907581,87.29937066
-0.111611192,-0.102423916,0.98981998,-137.4578643,95.90778741,96.43344509
-0.422761024,-0.341180108,0.702240213,-141.0954885,115.9125814,121.0486842
-0.238848378,-0.566914665,0.638509226,-112.8463125,131.6009858,110.5094122
-0.487555289,-0.063725712,0.346853157,-172.5533925,100.410586,144.5714596
-0.701997688,-0.505903783,0.284092581,-144.2211015,150.6834124,157.9672333
-0.753362437,-0.482747611,0.271516302,-147.3486307,150.6448819,160.1805358
-0.755546386,-0.495090461,1.062340449,-146.7641871,114.9872832,125.4207907
-0.180129449,-0.419733594,0.984240878,-113.22668,113.0960244,100.3711322
-0.355946148,-0.250584535,0.724829136,-144.8546217,109.0710516,116.154544
-0.011360668,-0.011848117,0.958818084,-133.7968067,90.70796803,90.67884397
0.079137455,0.07699101,0.989185846,44.2123507,85.54948699,85.42592983
0.519587176,0.350616557,0.940584453,34.01141109,69.55632725,61.08335096
0.241449048,0.249959032,1.170944879,45.99212335,77.95005583,78.34889729
0.691874463,0.097401667,1.292575726,8.013403171,85.69063761,61.84128054
0.100640607,0.49863477,1.296283869,78.58915744,68.96002279,85.56058806
0.61844733,0.931034959,1.795973396,56.40558548,62.59771745,70.99874233
0.700607537,0.775059701,1.233809104,47.88830749,57.86360029,60.41030831
0.208677216,0.593146771,1.542843136,70.61742467,68.97072064,82.29720498
0.35630137,0.194074855,1.048040234,28.5768198,79.50887552,71.2235501
0.147538723,0.161786756,1.172249119,47.63727239,82.14202354,82.826499
-0.088802015,-0.017164228,0.963684732,-169.0604028,91.02038959,95.26484669
-0.077905172,-0.067130704,0.785937207,-139.2486017,94.88206038,95.66088977
-0.428208116,-0.022258482,0.869007708,-177.0244134,91.46723475,116.2320152
-0.634988399,-0.02501599,0.76372717,-177.7439434,91.87606047,129.7412722
-0.240094425,-0.364931199,0.65643206,-123.3415959,119.0710573,110.0903316
-0.620793202,-0.173078279,0.834257845,-164.4214327,101.7205309,126.6539052
-0.105147177,-0.0785526,0.715171675,-143.2375901,96.26809364,98.36391558
-0.60297382,-0.086071559,0.807194624,-171.8761889,96.08647874,126.7597056
-0.201451026,-0.297863919,0.554903084,-124.071236,118.2262576,109.9528319
-0.084821389,-0.039263684,0.804700793,-155.1606581,92.79341174,96.01717768
-0.074729291,-0.023031558,0.934491305,-162.8707086,91.41183119,94.57209276
-0.017316598,0.163259793,1.278730488,96.05459628,82.72421897,90.77585334
-0.025820176,0.472917395,1.487949365,93.12511193,72.36809657,90.99414584
0.648995539,0.303647035,1.145737834,25.07359165,75.15653426,60.47090522
0.60330781,0.262115985,1.239377569,23.48324794,78.05847954,64.04397293
0.15292261,0.96703156,1.143566668,81.01388056,49.78121674,82.38335037
0.043109959,0.809515199,1.669741559,86.95164746,64.13521203,88.5210465
0.217859968,0.906869426,1.016566342,76.49164424,48.26414286,77.9039322
0.003592955,0.556895672,1.625408856,89.63034671,71.08757482,89.87334827
0.327776109,0.073780697,1.055701619,12.68555319,86.00222254,72.75138387
0.020072475,0.143614033,0.902564476,82.04349399,80.95901702,88.72598734
-0.093892281,-0.053477,0.799676658,-150.3360239,93.82586027,96.69659801
-0.12438027,-0.381580398,0.719459935,-108.0539407,117.9401644,99.80834841
-0.385864989,-0.415186233,0.753288746,-132.9037123,118.8620065,117.1233621
-0.274156466,-0.041342139,0.847434277,-171.4245458,92.79296416,107.9270967
-0.780218789,-0.309510563,0.80156687,-158.3619139,111.1131669,134.2267722
-0.907969846,-0.714992975,0.46140036,-141.7808642,147.164976,153.061823
-0.869577917,-0.876013056,0.753183861,-134.7887795,139.3115143,139.1025659
-0.468287319,-0.517544143,0.887997998,-132.1396093,120.2345431,117.8050024
-0.556226463,-0.263461227,0.41889358,-154.6550411,122.1676549,143.016634
-0.077478167,-0.087620019,0.826479332,-131.4847825,96.05166362,95.3555316
-0.02,-0.1,0.81,-101.3099325,97.03794076,91.41442321
0.21869758,-0.11676147,1.006813083,-28.09752043,96.61511801,77.74472687
0.172079597,0.114307914,0.945830501,33.5950341,83.10896472,79.68867904
0.080900492,0.702368189,1.288859227,83.42948642,61.41167551,86.40830945
0.260238089,0.425975449,1.63585965,58.57829317,75.40439762,80.96093771
0.394746462,0.218943885,1.160007472,29.0146926,79.31153198,71.20674121
0.208126088,-0.019769037,0.454416104,-5.426010096,92.49103988,65.39185417
0.297720471,0.612495076,0.829513434,64.07662629,53.55862862,70.25644201
0.351569522,0.343481765,0.789947392,44.33332488,66.49982534,66.00833684
0.489867502,-0.062265078,1.058045363,-7.243791529,93.36792397,65.15619789
0.298074,0.006727896,0.901552906,1.293016578,89.57243451,71.70493346
0.232682707,0.017148936,0.902025776,4.215132296,88.91084786,75.53555047
-0.137898573,0.022344908,1.069739123,170.795865,88.80336919,97.34541019
-0.198123656,0.004140953,1.169848532,178.8026439,89.79718903,99.61231217
-0.438290977,-0.894952134,1.152644233,-116.0926913,127.8269788,110.81922
-0.016812633,-0.15561139,1.012540565,-96.16645575,98.73709195,90.9512749
0.156408351,-1.042482137,0.958368566,-81.46729769,137.4072344,80.73089138
0.026207761,-0.405416289,1.09228789,-86.30131369,110.3630368,88.62553997
-0.434516473,-0.636334714,1.20037613,-124.3269274,117.9286337,109.8994252
-0.216006858,0.146960032,1.322754721,145.7706298,83.6603523,99.27458065
0.272231623,0.163549791,1.288981527,30.99637034,82.76878254,78.07444015
0.327723359,0.340307762,1.236004664,46.07921299,74.60623241,75.14988475
0.531358099,0.520710215,1.269642396,44.42013458,67.70031217,67.2902
0.405526357,0.67741647,1.42050442,59.09371303,64.50425156,74.0669872
0.634839685,0.026858785,1.345407484,2.422623915,88.85633859,64.73939925
0.674754945,0.399605306,1.13239594,30.6349872,70.56283794,59.21077179
1.173461202,0.43735117,0.917304363,20.440518,64.50918878,38.01503504
0.620147645,0.642192128,1.492419544,46.00046558,66.71766075,67.43556604
1.09565446,0.573941539,0.848357953,27.64709554,55.92037985,37.75038019
0.356907244,0.055571435,1.331002309,8.850048038,87.60919987,74.989307
0.635638785,-0.205313585,1.333405144,-17.90064085,98.75347988,64.51270288
0.405575309,-0.307923172,1.395772667,-37.20669987,102.4408202,73.79750682
0.34923706,-0.35890447,1.325681798,-45.78214222,105.1486581,75.24134399
-0.073002955,-0.450284168,0.890973145,-99.2090305,116.8113343,94.68413486
-0.112793688,-0.728027047,0.48102498,-98.80685151,146.5463011,103.1966465
-0.21558534,-0.738036223,0.253306789,-106.2834384,161.0568935,130.4005726
0.024728992,-0.956853718,0.162900049,-88.51957355,170.3382837,81.36813528
0.035703667,-0.591547868,0.230730166,-86.54602627,158.6919888,81.20369831
-0.131974118,-0.768404486,-0.373593193,-99.7455152,-154.0712848,-109.4560843
0.180365151,-0.030242129,0.167080252,-9.518340231,100.2596621,42.81030912
0.145128784,-0.17427559,0.028186747,-50.21400659,170.8127315,10.99108606
0.260029865,-0.107352343,0.498240459,-22.43309717,102.1592292,62.44010942
0.54016277,0.000720141,0.814017982,0.076386226,89.94931192,56.43270405
0.749371218,0.183955013,0.802552988,13.79219673,77.09010746,46.96265966
0.802283645,0.510629192,1.213812419,32.47551551,67.18437973,56.53681956
0.680715268,0.278340389,1.578681652,22.23935834,80.00083706,66.67466974
0.798819855,0.004564778,1.641708441,0.327407574,89.84068923,64.05344658
0.678889053,0.504771623,1.674156695,36.63175985,73.2215212,67.92690164
0.966841046,0.144901006,1.123267646,8.523512104,82.64946476,49.28011529
0.962429356,0.381865705,1.034170156,21.64182712,69.73341211,47.05783755
1.109825616,0.245053114,0.778366604,12.45130984,72.52443707,35.04356763
0.583218955,0.271101848,0.873417717,24.93075631,72.75607673,56.26724189
0.62,0.12,0.92,10.95406264,82.56859203,56.02345596
0.433844432,-0.146396492,0.931655646,-18.64645561,98.93019767,65.02999949
0.409523866,-0.178248118,0.968036628,-23.5214198,100.4332152,67.06941025
0.31427561,-0.548435742,0.416522522,-60.18556651,142.7842852,52.96462555
-0.274424919,-0.768077671,0.150038791,-109.661198,168.9468457,151.3328546
0.495661606,-0.230842387,0.907898776,-24.97260923,104.2657372,61.36794528
-0.227971642,-0.782323427,0.404769136,-106.2462979,152.6432438,119.3888202
0.510469228,-0.313721797,0.388438021,-31.57385811,128.9260613,37.26906912
0.61950845,-0.037735012,0.211130511,-3.485648944,100.1333855,18.81927852
0.530796374,-0.37770752,0.358574079,-35.43514027,136.4885863,34.04059233
0.680838576,-0.055615917,0.521028001,-4.669972976,96.09283343,37.4258875
0.776066539,0.071652697,0.650817516,5.275051555,83.71724154,39.98354881
1.163737932,0.173941985,0.911469236,8.500972096,79.19575861,38.06895312
1.014622821,0.73898495,1.20726546,36.06714808,58.52858634,49.95527913
1.339304492,0.790058448,0.909457838,30.53644113,49.01870762,34.1785568
0.979387651,0.946917742,1.052311985,44.03431065,48.0176925,47.05565012
1.271646318,0.302971672,1.094404565,13.40097154,74.52594273,40.71595327
1.102491118,0.724449564,1.34385671,33.30901201,61.67167226,50.63477369
1.4211468,0.218763942,1.325629114,8.751123568,80.62913642,43.00837198
1.02894204,0.145471479,1.136468883,8.047124956,82.70563197,47.84277592
0.940146282,0.231237681,0.691422516,13.81813834,71.50812763,36.33230362
0.795926612,0.149626523,0.476431416,10.64679371,72.56474945,30.9041957
0.676313057,-0.228101155,0.364724973,-18.63778733,122.0221043,28.33728549
0.491512617,-0.461970788,0.290410726,-43.22536942,147.845119,30.57676024
0.417597786,-0.622177975,-0.460153346,-56.13100031,-143.5139352,-47.7756686
-0.043269507,-0.879388102,-0.483183205,-92.81691588,-151.2132351,-95.11724064
0.543601796,-0.561554719,-0.336032556,-45.93067019,-149.1038321,-31.72267333
0.806568574,-0.420331085,-0.018039525,-27.52559538,-177.5425211,-1.281250466
0.449929457,-0.033614718,0.414294834,-4.272691941,94.6386571,42.63885646
0.335110904,-0.148666135,0.625694989,-23.92363657,103.3657292,61.8273044
0.628385339,-0.07744432,0.359818526,-7.025895338,102.1465634,29.79580123
0.691222861,-0.069947704,0.553540728,-5.778326959,97.20196102,38.68822432
0.801033841,0.043854142,0.739703209,3.133639681,86.60712627,42.7204857
0.795278881,0.193140553,0.916074922,13.65051411,78.09441351,49.0375306
0.822440583,0.167324316,0.77046672,11.49979183,77.74718827,43.1311989
1.119381194,0.435053226,0.288003131,21.23886987,33.50436648,14.42856272
0.902083374,0.687161985,0.69442228,37.29833647,45.30108944,37.58901669
1.477527275,0.269714352,1.218508407,10.3451199,77.5189353,39.51220976
0.820657909,0.087675979,0.633559511,6.098132683,82.12108851,37.66864825
1.531960458,0.227622339,0.608349251,8.451313112,69.48596435,21.65827744
1.218059493,0.21522255,0.854515115,10.02033607,75.86322347,35.051122
0.932026635,0.111023495,0.530585562,6.79309296,78.18154256,29.65206071
0.755868373,0.020680386,0.503291396,1.567208437,87.64702391,33.6574742
0.707584499,-0.311430866,0.422671871,-23.75584985,126.3833357,30.85176093
0.559507569,-0.216853134,0.543126765,-21.18526255,111.7652444,44.14887297
0.539540576,-0.425203134,0.526032095,-38.24106841,128.9493595,44.27368865
-0.161391619,-0.791029648,0.472050094,-101.5316304,149.1731915,108.8753073
0.099408834,0.034977849,0.277741972,19.38485749,82.8221584,70.30680043
-0.074101826,-0.034760503,0.641051832,-154.8691471,93.10377641,96.5937907
0.745995797,-0.282012923,0.552001533,-20.70837378,117.0621054,36.4996864
0.607719772,0.033266934,0.277536601,3.133277181,83.1648499,24.54547644
0.83986907,0.026454295,0.33728671,1.80411271,85.51532055,21.8801179
0.85,0.11,0.6,7.373766361,79.61114218,35.21759297
1.065735949,0.243430475,0.625312858,12.86650392,68.72934077,30.40197134
1.352276849,0.117185568,0.969704412,4.952762963,83.10940831,35.64393458
1.361180532,0.459838177,0.649480748,18.66615445,54.70116502,25.50791867
1.190848599,0.704221503,0.893567225,30.59841745,51.75830913,36.88316003
0.752167992,0.16699791,0.56819266,12.51788012,73.62137275,37.06763963
0.721791589,0.762362648,0.97016294,46.56585594,51.83942266,53.35111894
0.78186558,0.147204872,1.057408562,10.66248383,82.07462711,53.52015897
1.345540955,0.344580075,0.643505995,14.36419557,61.83215353,25.55949413
0.848187854,0.247499917,0.572679745,16.2671641,66.6270336,34.02644702
0.839547933,0.063484628,0.544589175,4.324341548,83.35084537,32.97024657
0.685591676,-0.132601083,0.409759518,-10.94648399,107.9319484,30.86561398
0.492786033,0.030306444,0.462604447,3.519269919,86.25175782,43.1905801
0.006582493,-0.254146523,0.240200093,-88.516349,136.6159909,88.43024759
0.658766419,-0.489667105,0.060964454,-36.62375973,172.9030889,5.287283998
0.389774933,0.135246046,0.39449076,19.13600586,71.07638607,45.34451808
-0.103585066,-0.326619393,0.235349615,-107.5960617,144.2249011,113.7558649
0.372195011,-0.685567565,0.373533126,-61.5024403,151.416137,45.10280999
0.154874341,-0.033944019,0.199660356,-12.36212446,99.64853565,52.19966078
0.213980073,-0.434457675,0.125961388,-63.77872772,163.8316533,30.48359574
0.397797904,-0.013304409,0.461269967,-1.915551685,91.65212403,49.22560962
0.649682873,0.085973387,0.68920596,7.538227245,82.88950155,46.69084139
0.786468524,0.438739846,0.932264313,29.15542863,64.79750635,49.84864945
1.030141388,0.722168026,1.036960105,35.03190685,55.14556745,45.18900005
0.580545355,0.944724137,0.88541377,58.42873031,43.14383124,56.7480698
1.034752504,1.110762657,1.320942953,47.02899535,49.93998492,51.92684561
1.070068391,0.899748644,0.90581055,40.05822517,45.19236161,40.24784117
0.484776254,0.564608921,1.371168113,49.35043428,67.61949743,70.52896067
1.156678026,0.311999996,1.171518399,15.09558171,75.08707274,45.36520939
0.90018539,0.759877281,1.253629522,40.1688562,58.77819412,54.31925877
0.501869765,0.344199926,0.720609071,34.44369932,64.4684615,55.14463325
0.461511254,0.127966001,0.611622465,15.49741796,78.1828199,52.96293329
0.323940242,-0.02762992,0.528796894,-4.875144735,92.99101515,58.50842223
-0.061554426,-0.475434807,0.183931118,-97.37703401,158.8500773,108.5033435
-0.113059913,-0.614770398,0.269631677,-100.4205944,156.3182611,112.7489098
0.301959857,-0.197935229,0.279208786,-33.24491338,125.3333905,42.75818072
-0.27761278,-0.222512422,0.540366697,-141.2870993,112.3809045,117.1917811
-0.380179637,0.018941767,0.341507593,177.1476993,86.82533424,138.0672952
-0.328168547,-0.449407275,0.592100124,-126.1378631,127.1986996,118.9971937
-0.300495513,-0.220065285,0.641634831,-143.7831404,108.9307329,115.0950053
-0.029020761,-0.319495978,0.32755953,-95.19010195,134.2860217,95.06300928
0.156294844,-0.006535735,0.716863461,-2.394525398,90.52235838,77.70050875
0.228092971,0.065059311,1.027525632,15.91982121,86.3770689,77.48426771
0.641827686,0.383762194,1.348291909,30.87608567,74.11214066,64.54414045
0.93223996,0.655100032,1.374692499,35.09633077,64.52019443,55.85706339
0.784990902,0.361254246,1.368007797,24.71197373,75.20739972,60.15191301
0.852450054,0.417267185,1.008045507,26.08136229,67.51353381,49.78058936
1.059988104,0.77347718,0.991704239,36.11836551,52.04764158,43.0938011
0.832709498,0.707880721,1.653689324,40.36763811,66.8260975,63.27261921
0.143023939,0.990849863,1.59856235,81.78638826,58.20778784,84.88733954
0.41032834,0.212101551,1.615983826,27.33475451,82.52254165,75.75264028
0.306059711,0.366726619,1.486665987,50.15257545,76.14307903,78.36705296
0.21,0.03,1.21,8.130102354,88.57973445,80.15417763
0.000870258,-0.256910674,0.871205811,-89.8059172,106.430309,89.94276655
-0.404279863,-0.400014932,0.632351374,-135.3038193,122.3167627,122.5919151
-0.191858075,-0.583079403,0.564789187,-108.2134179,135.9128776,108.7625503
-0.606548462,-0.357357115,0.619597015,-149.4948973,119.9745134,134.3902854
-0.776404627,-0.702178726,0.256778818,-137.873875,159.9131055,161.6994986
-0.177337518,-0.240815354,0.32657787,-126.3680995,126.4047033,118.5027373
-0.418101668,-0.404174475,1.013031202,-135.9703469,111.750781,112.4270846
-0.451781331,-0.415816343,1.029408975,-137.3737533,111.9956036,113.6954444
-0.237723775,0.112489303,0.925013454,154.6768,83.06640392,104.4128233
-0.094908358,0.223724781,1.043973155,112.9875914,77.90439036,95.19452186
0.178310782,0.374668664,1.270976108,64.54947944,73.57510908,82.01384879
0.192205771,0.441611363,1.507408514,66.47952418,73.6714924,82.73357321
0.327034125,0.627737158,1.133657409,62.48170192,61.0254999,73.9083641
0.277851826,0.470933179,1.127710279,59.45928234,67.33452562,76.15881771
0.850556704,0.391834533,1.705722633,24.73458263,77.06260307,63.49691244
0.475317633,0.789241611,1.763726015,58.94171334,65.89218187,74.9173273
0.735107861,0.520838241,1.736957821,35.318315,73.30829463,67.06115459
0.527738432,0.506272318,1.634872534,43.81070761,72.79377245,72.10987048
0.035386055,0.479223352,1.017498587,85.77691955,64.78041621,88.00819887
-0.167534228,0.202310643,1.088610103,129.6282873,79.47208309,98.74902865
-0.26581438,-0.070432369,0.762314541,-165.1594732,95.27873057,109.2233484
-0.527079005,-0.329558766,0.592847839,-147.984113,119.0692877,131.6391076
-0.383903449,-0.613456151,0.449848636,-122.0385063,143.7473289,130.477635
-0.453128792,-0.587649725,0.651531861,-127.6353328,132.0489075,124.8179246
-0.35251823,-0.38684082,0.117921161,-132.3421185,163.0471416,161.5043543
-0.945666484,-0.735254893,-0.123236141,-142.1349644,-170.4850924,-172.5752442
-0.2796571,-0.050932045,0.709161848,-169.6782376,94.10793284,111.5217358
-0.284408494,-0.075579106,0.51574643,-165.1180895,98.33696346,118.8745495
-0.633234012,-0.330242719,0.514516479,-152.4571636,122.6944016,140.9053866
-0.517116035,-0.002944614,0.936051836,-179.6737442,90.18023935,118.9181834
-0.251879827,0.074723317,0.979754477,163.4763483,85.63864362,104.4176443
-0.051229001,0.31365543,1.151431842,99.27615155,74.76208593,92.54749866
-0.249308108,0.426566111,1.116833195,120.3043051,69.09601596,102.5836947
0.472297339,0.449326525,1.43998861,43.57223937,72.67026242,71.8411894
0.646736286,1.004702411,1.2805456,57.23023945,51.88264773,63.20405832
0.027445748,1.039241952,1.894060219,88.48720494,61.24709515,89.16981759
0.129283876,0.217253406,1.392120046,59.24382926,81.130002,84.69425439
0.002681779,0.576370312,1.306436065,89.73341182,66.19400288,89.88238659
-0.070813784,0.379701789,0.974369249,100.5642079,68.70964314,94.1567507
-0.203145687,0.480874543,1.381401901,112.9016508,70.80667691,98.36581909
-0.153757077,0.096524239,1.017807987,147.8805884,84.58253354,98.59053886
-0.378278442,-0.051555111,0.874889481,-172.2390441,93.37240116,113.3823441
-0.601869509,-0.359577066,0.929513879,-149.1444865,111.1486739,122.9234596
-0.870524578,-0.596963651,0.309620944,-145.5595552,152.5860532,160.4209674
-0.303413795,-0.273090799,0.515615876,-138.0108697,117.9074847,120.4746531
-0.901680786,-0.651216612,0.901899128,-144.1622339,125.8311819,134.9930638
-0.79648351,-0.442564911,0.366586288,-150.9413243,140.3642971,155.2854665
-1.122933589,-0.578076826,0.3820746,-152.7609689,146.5376543,161.2092906
-0.520358681,-0.167999652,0.725128233,-162.1071415,103.0442974,125.6635692
-0.301251901,-0.276055515,0.764402614,-137.4990689,109.8566226,111.5094537
-0.464239306,-0.206352319,0.996817979,-156.0350646,101.695659,114.9723956
-0.24,0.06,1.07,165.9637565,86.79051368,102.6421523
-0.232939409,0.125689509,1.209810084,151.6495765,84.06870948,100.8984797
0.16905331,0.59419819,1.644245477,74.11859718,70.13113442,84.12975376
-0.13559139,0.536821629,1.396310859,104.175385,68.97038953,95.54642417
0.702803986,0.269243186,1.090484626,20.9617637,76.13092158,57.19871552
0.174699918,0.204787053,1.330977992,49.53313944,81.2529459,82.52228642
0.280606457,0.626990255,1.136471381,65.88932816,61.11451738,76.13049227
-0.09993024,0.510931453,1.360944275,101.0664645,69.422648,94.19952849
-0.021475308,0.657161004,1.380848063,91.87169781,64.54970181,90.89100704
-0.135261302,0.158364407,0.881584614,130.501113,79.8162241,98.72285392
-0.114602276,0.088991899,0.834958656,142.1696529,83.91624559,97.81530078
-0.344437617,-0.004417239,0.833876293,-179.2652507,90.30350641,112.4433669
-0.360277147,-0.035380182,0.787022845,-174.3913841,92.57396748,114.596988
-0.724253979,0.078766733,0.814093784,173.793153,84.47361288,131.6577117
-0.510709189,-0.530082642,0.606823613,-133.933611,131.1384027,130.0843211
-0.195127339,-0.306921938,0.906627798,-122.4463888,108.7025719,102.1461032
-0.699585406,-0.504614689,0.699921069,-144.1968871,125.7900739,134.986258
-1.026952359,-0.271862575,0.440223767,-165.1723602,121.6976291,156.7966336
-0.758090262,-0.11537218,1.176706537,-171.3466739,95.59976344,122.7915583
-0.55758661,-0.271970003,1.110563066,-153.998602,103.76056,116.6601103
-0.261344389,0.098048661,0.799930515,159.4353992,83.01202806,108.0926739
-0.097822846,0.134033715,0.869620161,126.1233738,81.23800533,96.41817368
0.100974139,0.278868091,0.909151394,70.09540451,72.94741702,83.6624654
0.145827651,0.198699282,1.004553098,53.72463338,78.81139377,81.74025889
-0.063630665,0.07847725,0.724002546,129.0357165,83.8136563,95.02266872
0.42337766,0.503664572,1.277016964,49.94977624,68.47537124,71.65775994
0.648506109,0.369565332,1.060725401,29.67759503,70.79124896,58.55922597
0.235503744,0.782651404,1.860841856,73.2531948,67.18886665,82.78712768
0.586418533,0.227671714,1.399228701,21.21825334,80.75826345,67.26138009
0.27637559,0.488885691,1.347962424,60.51976827,70.06505353,78.41310779
0.186757025,0.027493632,1.553851441,8.374703753,88.9863222,83.14650897
-0.048426652,0.088494987,1.265172981,118.6885724,85.998852,92.1920235
-0.110654614,0.040306962,0.976021804,159.9853815,87.63518884,96.46818146
-0.328962553,-0.337294296,0.857547692,-134.2835363,111.4709172,110.9872363
-0.216072805,-0.394742304,0.292517112,-118.6952766,143.4603301,126.4520674
-0.841792484,-0.392493942,0.626895078,-155.0022553,122.0503498,143.3244098
-0.599244085,-0.745115101,-0.027484928,-128.8072926,-177.8874986,-177.3739124
-0.339741703,-0.327819196,-0.114442757,-136.0231827,-160.7557377,-161.383786
-0.200719899,-0.919092696,0.094342396,-102.3193564,174.1392685,154.8255301
-0.186332597,-0.449225715,0.3996436,-112.5279959,138.3428253,114.9971414
-0.340581448,-0.597397934,0.819633467,-119.6878182,126.0868056,112.5643
-0.114698815,-0.496623991,1.000058818,-103.0048339,116.408755,96.54278294
0.129853702,-0.091637696,1.289582189,-35.21060073,94.06460519,84.25001743
0.146407422,-0.028459912,1.267102021,-11.00044956,91.28668308,83.40898156
0.693635877,0.278785191,1.38854151,21.89611419,78.64734699,63.45591039
0.253922756,0.237631975,0.984059454,43.10183596,76.42404287,75.53123824
1.08353991,0.520271501,1.644067587,25.64841213,72.43982461,56.61270343
1.05882136,0.809138743,1.28556376,37.38663413,57.81353195,50.52430578
0.602679842,0.491847203,1.289855866,39.21789488,69.12717524,64.95586081
0.797705233,-0.057028192,0.763762129,-4.089135986,94.27020731,43.75470317
0.620312654,0.268377032,1.186194852,23.39562581,77.25144557,62.39298366
0.419429285,-0.004364695,0.830193264,-0.596213898,90.3012266,63.19623414
0.17,-0.2,0.85,-49.63546343,103.2405199,78.69006753
-0.098236942,-0.438490502,0.730380267,-102.6277118,120.9788863,97.66037211
-0.139594516,-0.242334062,0.815440668,-119.9437348,106.550987,99.71424641
0.162554264,-0.379280853,0.604904506,-66.8007297,122.0881015,74.95842029
0.097117886,-0.816375034,0.735015452,-83.2158432,138.0020128,82.47308635
-0.657265562,-0.682413104,-0.019506724,-133.9246087,-178.3626506,-178.3000403
-0.231758115,-0.343605068,0.68440093,-123.9992631,116.6590449,108.7075995
-0.183575066,-0.245298789,0.941031071,-126.8102014,104.6101803,101.0385499
0.269108643,-0.017969833,0.475338395,-3.820276375,92.16499563,60.48401263
0.297439133,-0.3503319,0.899921851,-49.66804449,111.2705388,71.71042065
0.264073739,-0.098310937,0.820325691,-20.41959069,96.83394994,72.15594313
0.446162504,0.100056898,1.069232114,12.64008174,84.65392845,67.35050314
0.405542497,0.164832719,1.368438185,22.11927999,83.13163174,73.49258516
0.411175125,0.250324842,1.258758909,31.33320002,78.75253399,71.91031068
1.055010648,0.57084881,1.24402038,28.41708708,65.35083265,49.69987562
0.677865529,0.336266582,1.486583921,26.38448293,77.2541438,65.48754829
0.870093859,0.120865523,2.013232134,7.908400134,86.56433937,66.62660046
0.438820458,0.922478103,1.859202456,64.55968732,63.61083076,76.7197427
0.865234594,0.159343291,1.675071064,10.4347835,84.56601659,62.68201588
0.796386311,0.269792985,1.495743989,18.71491542,79.77528417,61.96760452
0.578374191,0.235118582,1.153032098,22.12254748,78.47463867,63.3611295
0.445421419,0.08235175,0.937541545,10.47484837,84.98013863,64.58783506
0.259643041,-0.109364617,0.592740346,-22.8413822,100.4538919,66.34473459
0.14162011,-0.122413853,0.391491422,-40.83954015,107.3637284,70.11265681
0.428942394,-0.766336786,0.137179788,-60.76291159,169.8511349,17.73476224
-0.356170528,-0.964634437,0.053150024,-110.2655831,176.8462706,171.5125913
-0.264521446,-0.320639472,0.019387265,-129.5219808,176.5398591,175.8081816
-0.365051129,-0.921121614,0.054020444,-111.6189945,176.6436546,171.5824312
-0.232598123,-0.290023847,0.407835331,-128.7294926,125.4177655,119.6971334
