1.371111343,0.664413105,0.026627869,25.85389934,2.295030659,1.112581219
0.84684821,0.626160648,0.585413851,36.47926865,43.07379578,34.65554136
1.140837225,0.042000628,0.433963546,2.108427332,84.47191623,20.8263351
0.932611348,0.384081287,0.232386667,22.3835415,31.17584791,13.99193342
0.806566257,0.060800457,0.1512893,4.31090877,68.10568995,10.62364415
0.772326787,-0.18845233,-0.016898479,-13.71255852,-174.8760041,-1.253429379
0.307157644,-0.009697458,-0.187405287,-1.808318738,-92.96218055,-31.38850967
0.18829465,-0.55087524,-0.143227763,-71.12906034,-165.4257643,-37.25871064
-0.025644291,-0.37769937,-0.285460963,-93.8841953,-142.9184194,-95.13336783
0.000709262,-0.741544128,0.335723669,-89.94519854,155.6420289,89.87895505
0.188539776,-0.867270895,-0.247722777,-77.73506067,-164.0588129,-52.72553428
0.619087077,-0.217206413,-0.428571399,-19.33339753,-116.8765754,-34.69344264
0.195597414,-0.020345485,0.255949416,-5.938387971,94.54489966,52.61281452
0.603565426,-0.143044216,0.083891045,-13.33302611,149.6096845,7.912984682
0.724146467,-0.08828735,0.470182588,-6.951149159,100.6347362,32.99534578
0.873543784,-0.0887734,0.523273431,-5.8027304,99.62856056,30.9226081
0.886658863,-0.017680924,0.659388574,-1.142387564,91.5359678,36.63736516
0.929137657,0.084770623,0.611688149,5.212994294,82.10993654,33.35849442
1.234575994,0.203638414,0.771891372,9.366375005,75.22110065,32.01477259
1.009113249,0.231877847,1.485673378,12.94099734,81.12907718,55.81449466
1.711988722,0.629341891,0.567666063,20.18386518,42.05044363,18.34463459
1.513385764,0.101030907,0.80846571,3.819295974,82.87688912,28.11157565
0.916050061,0.285982074,0.532394877,17.33786486,61.75701625,30.16452689
0.425669031,0.16311386,0.452361154,20.96653749,70.17154493,46.7412558
0.584630026,-0.001106046,0.765615509,-0.108396206,90.08277224,52.63436192
0.26,-0.12,0.52,-24.77514057,102.9946168,63.43494882
0.198428618,-0.413516657,0.402937604,-64.36568111,135.7423578,63.78183106
-0.045819441,-0.761956872,0.629609844,-93.44127488,140.4328594,94.16232487
-0.506864871,-0.759642541,0.057805679,-123.7128548,175.6484129,173.4937821
-0.279170351,-0.814433022,0.031845513,-108.9206263,177.7607926,173.4922871
0.044645972,-0.273913769,0.03843266,-80.74260695,172.0130073,40.72290647
0.134385218,-0.377872733,0.72910651,-70.42277286,117.396272,79.55673897
-0.1333186,-0.017789458,0.128349198,-172.399595,97.89103684,136.0879884
0.263387478,0.010518966,0.646638183,2.287019212,89.06804268,67.83803966
-0.012894017,0.08122342,0.758961143,99.02029334,83.89150075,90.97330636
0.245719515,0.100324837,1.065773382,22.20970592,84.62240179,77.01703088
0.357133128,0.286285278,1.314390037,38.71638201,77.71240525,74.79913701
0.428657658,0.223231226,1.351310524,27.50906167,80.61967743,72.40012678
0.566850439,0.631864821,1.528304179,48.10449335,67.53775364,69.650103
0.775523515,0.637410118,1.796254666,39.41710894,70.46251132,66.64798151
1.108586064,-0.085881456,1.455898129,-4.42981983,93.37588832,52.71272972
0.369127932,0.171402683,1.996406357,24.90755973,85.0928695,79.52453292
0.629703641,0.323402057,1.583044795,27.18404344,78.45385483,68.30832406
0.894263579,-0.308059117,1.254384652,-19.0079885,103.7979622,54.51454297
0.352694678,0.064297667,1.586147307,10.33179132,87.67867145,77.46370561
0.131249204,-0.166485401,1.10202162,-51.74942769,98.59086584,83.20814673
0.057018727,-0.310348928,1.001953965,-79.58945577,107.2100378,86.74295154
-0.184361512,-0.372402195,1.008117115,-116.3381812,110.2744166,100.3635643
-0.411277287,-0.743868494,0.794035033,-118.9377573,133.1316695,117.3822871
-0.336869709,-0.710560107,0.491191915,-115.3651799,145.3448925,124.4431462
-0.044024325,-0.31515776,0.462054827,-97.95217834,124.2970657,95.44267964
-0.694520535,-0.553115566,0.030578728,-141.4662137,176.8356516,177.4789784
-0.631999107,-0.573513581,0.844533024,-137.7775306,124.1800176,126.809033
-0.744436087,-0.536412225,0.812709288,-144.2249183,123.4259944,132.4894685
-0.400731061,-0.891642556,0.840508306,-114.2005885,136.6909186,115.4905121
-0.092762561,-0.300892592,0.73172151,-107.134074,112.353048,97.22501932
-0.056196826,-0.276045606,0.779384239,-101.5069185,109.5033426,94.12412538
-0.036189158,-0.122741442,1.044887875,-106.4276562,96.69974724,91.98361719
-0.018575931,-0.251992895,1.094468155,-94.21599528,102.9659505,90.97236294
0.527403737,-0.387194305,1.420817756,-36.28431408,105.2438036,69.63520931
0.312173855,-0.128540132,1.693255214,-22.37981428,94.34116985,79.55406751
0.319275545,0.042959348,1.380715039,7.66326983,88.21788314,76.97981597
0.60094737,-0.008079682,1.854433407,-0.770290051,90.24963352,72.04457352
0.297116018,0.074156932,1.556297469,14.01408571,87.27194316,79.19160273
0.131897525,-0.10561444,1.164685895,-38.68533856,95.18144558,83.53893517
0.374472649,-0.222265323,1.128401434,-30.6909194,101.1431066,71.64099725
0.094985579,-0.246154721,1.137021528,-68.89951843,102.2154987,85.22465909
0.033739003,-0.281626879,0.958533331,-83.16850264,106.3733266,87.98410269
-0.162658101,-0.301292095,0.641437651,-118.363211,115.1600904,104.2293299
-0.351293369,-0.332774287,0.404703099,-136.5507328,129.4293569,130.9588752
-0.575035205,-1.001251458,0.844238058,-119.8694609,139.8629875,124.2599207
-0.530580347,-0.809059482,0.381039593,-123.2568198,154.7811538,144.3157461
-0.07994719,-0.583559912,0.888477717,-97.80090839,123.2972581,95.14175356
-0.464647689,-0.538603027,0.286301377,-130.7840265,152.0065464,148.359923
-0.498983663,-0.969197843,0.263338472,-117.2413076,164.7992707,152.1771624
-0.285115858,-0.80375804,0.747907984,-109.5310447,137.0613918,110.8677384
-0.091318529,-0.302669925,0.686685456,-106.7890854,113.7864163,97.57500545
0.02,-0.28,0.87,-85.91438322,107.8402043,88.68308759
0.120936096,-0.135597893,1.108097046,-48.27109153,96.97660194,83.77147386
0.189273634,-0.081945274,1.002266618,-23.41000904,94.67410392,79.3058845
0.52366878,0.08882486,1.162561565,9.626900278,85.630837,65.75110697
0.402182457,0.151037228,1.540829734,20.58336889,84.40156342,75.37122751
0.509742127,0.781601278,1.118119837,56.88854679,55.04522897,65.49212702
0.489715894,0.118207011,1.399403702,13.57040415,85.17171254,70.71270408
0.414469192,0.225184317,1.606397954,28.51557541,82.02029403,75.53255231
0.225433184,0.335011733,1.186539393,56.06294399,74.2333163,79.24246639
0.295620971,0.019143952,1.256125078,3.705211519,89.12685227,76.75679489
0.117545933,-0.134225263,1.02576686,-48.79019051,97.45500044,83.46280691
-0.092607381,-0.28212426,0.893841236,-108.1724391,107.5173265,95.91508639
-0.368959919,-0.504522234,0.733893235,-126.1782125,124.5069662,116.6906575
-0.126882241,-0.571991037,0.471084707,-102.5071492,140.5255547,105.074356
-0.852165652,-0.810523725,0.909711187,-136.4346684,131.7000219,133.1292991
-0.173234356,-0.161080783,0.874925342,-137.0819935,100.4317955,101.1996517
-0.476006218,-0.903149869,0.522122632,-117.7915262,149.9672372,132.354652
-0.502692096,-0.242749032,0.56496298,-154.224194,113.2518646,131.6620105
-0.365938578,-0.286656189,0.557029906,-141.9268006,117.2310498,123.3027534
-0.168000663,-0.442781565,0.631163799,-110.7778015,125.0508864,104.9051679
-0.183293744,-0.276977102,0.914315068,-123.4951952,106.8533439,101.3358838
0.038790864,-0.14418519,0.970980725,-74.94197057,98.44638017,87.71223935
0.248254594,-0.047461047,1.172093738,-10.82314698,92.31878459,78.04123987
0.311011099,0.211836284,1.06397478,34.25961091,78.73971568,73.7057994
0.178810797,0.197695776,1.723586363,47.87145993,83.45675477,84.07712618
0.752026755,-0.074288785,1.90986486,-5.641646332,92.22753411,68.5075063
0.262650229,0.490984098,1.762853104,61.85560168,74.43659003,81.52575082
0.030656863,0.183157493,1.517803122,80.4979278,83.11923045,88.8428868
0.280335793,-0.056171122,1.692803504,-11.33036209,91.9005087,80.59690364
0.527236463,-0.049169038,1.570654207,-5.327882034,91.79304817,71.4441521
0.228939229,-0.151316299,1.083995057,-33.46252079,97.94664347,78.07441254
0.010462709,-0.130561756,0.988043798,-85.41833101,97.52754817,89.39329952
-0.171994935,-0.218991418,0.733936942,-128.1459413,106.6140019,103.189017
-0.056086383,-0.305033259,0.830343091,-100.4185888,110.1712168,93.864233
-0.164012513,-0.628841362,0.944945603,-104.6180537,123.6429274,99.84662812
-0.150472158,-0.881998045,0.491915,-99.68166165,150.8503686,107.0083773
-0.513797,-0.396743986,0.358821573,-142.3253827,137.8733079,145.07062
-0.102390158,-0.962951958,0.701973092,-96.06942408,143.9086848,98.29867002
-0.680183776,-0.341939233,0.871013369,-153.3105941,111.4337968,127.986663
-0.44490552,-0.808949631,0.72824416,-118.8098814,138.0053733,121.4219705
-0.240150513,-0.444697521,0.70711528,-118.370428,122.1653647,108.7585162
-0.052984534,-0.423858154,0.736580829,-97.12531775,119.9178491,94.11437569
0.087477264,-0.234123248,0.873264108,-69.512418,105.0081314,84.27960737
0.394918115,-0.010464174,1.082772121,-1.517815238,90.55370314,69.96163378
0.185477886,0.158007237,1.319810178,40.42743141,83.17306091,82.00039753
0.245510726,0.113222523,1.572849079,24.75779984,85.88262972,81.12812231
0.287465837,-0.112815809,0.936099624,-21.42749756,96.87196647,72.92885718
0.643146968,-0.183944056,1.572289515,-15.96086077,96.67276972,67.75292364
0.340161229,-0.203929039,0.862174678,-30.94298243,103.307526,68.4688497
0.360751075,0.261455734,0.896622821,35.93286689,73.743285,68.08289275
0.411828207,0.115158277,1.079031516,15.62242571,83.90823871,69.10991137
0.270427979,0.087134368,1.038063771,17.85941535,85.20187895,75.39831396
0.29,-0.13,0.85,-24.14554196,98.69550288,71.16156644
0.081534494,-0.4444196,0.703118303,-79.60396191,122.2957299,83.38545147
0.232250431,-0.569340148,0.776230391,-67.80802162,126.2588547,73.34266127
-0.042638773,-0.727898321,0.778025083,-93.35243684,133.0935339,93.1368915
0.106596802,-0.996494461,-0.026239982,-83.89418645,-178.4916195,-13.82904059
0.079299749,-0.665600129,0.756587871,-83.20579368,131.33936,84.01654182
0.126318606,-0.693445809,0.762426299,-79.67615524,132.2873048,80.5927039
-0.211087287,-1.106981358,-0.043283549,-100.7959697,-177.7608458,-168.4120983
0.23228533,-0.928163892,0.642947241,-75.94956051,145.289316,70.13611929
0.442290879,-0.264316048,0.562295859,-30.86282741,115.176612,51.812105
0.619863176,-0.229903246,0.719647166,-20.34949178,107.7169455,49.2602592
0.663495447,-0.027664147,0.978311106,-2.387539122,91.61974713,55.85468487
0.639667001,-0.116553526,1.138308946,-10.32655891,95.84624516,60.66640898
1.045850208,0.059980984,1.259815014,3.282398079,87.27415218,50.30184071
0.675003763,0.077887976,1.717427388,6.582189829,87.40332745,68.54358968
0.893470218,0.899130056,1.070633899,45.18090132,49.97609254,50.15417456
0.722102093,0.181750786,1.312316049,14.12770757,82.11491208,61.17820389
0.685902656,0.544314801,1.084062367,38.43461654,63.33847365,57.67784402
0.691471976,0.755695134,1.447265941,47.54103555,62.42852499,64.46255042
1.044844195,0.581758725,0.890091468,29.10861989,56.8315974,40.4273182
0.84032126,0.286106206,0.992250041,18.8022922,73.91556834,49.73925153
0.812351547,-0.014435923,0.657269196,-1.018069631,91.25821282,38.97613245
0.809358837,-0.081318717,0.610267986,-5.737424939,97.58999895,37.01680896
0.857804924,-0.354288615,0.268558309,-22.44149151,142.8370984,17.38409651
0.602089392,-0.784194569,0.445304038,-52.48364448,150.4099702,36.48655083
0.863762628,-0.24133876,0.382294834,-15.61057754,122.2637925,23.87382045
0.84271897,-0.824849822,-0.380328723,-44.38605974,-155.2461191,-24.29020174
0.134793727,-0.421232161,-0.001638216,-72.25539804,-179.7771719,-0.696309978
0.078077334,-0.431330782,0.355172433,-79.73970713,140.5307976,77.60190661
0.320156268,-0.027389501,0.267388554,-4.889771588,95.84859897,39.86800402
0.726602397,-0.102206442,0.17284751,-8.006892385,120.5962446,13.38107523
0.731006847,-0.012207997,0.353002147,-0.95676489,91.98069063,25.77582932
0.887687792,0.145378077,0.493420517,9.300856569,73.58327505,29.06745744
0.929680616,0.052684135,0.65242718,3.243429509,85.38332684,35.0602417
1.12368014,0.300134254,0.792628406,14.95456067,69.26048041,35.19861303
1.456417183,0.10453644,1.153654173,4.105446497,84.82237879,38.38337618
1.15841856,0.710090661,1.182574375,31.50758119,59.01679485,45.59119235
1.80705523,0.132384751,0.468279817,4.189999914,74.2141705,14.52803809
1.833895761,0.159650767,0.752854342,4.975370857,78.02718916,22.31922308
1.327231116,0.365112835,0.585306916,15.38123892,58.04419934,23.79740679
1.176803554,0.442267114,0.289066856,20.59725851,33.16872793,13.80074294
1.113136133,0.218119458,0.39249513,11.08665817,60.9379663,19.42280273
0.950567679,-0.028111177,0.210209905,-1.693916751,97.61692073,12.46978405
0.844576883,-0.327206887,0.189648118,-21.17741784,149.9035493,12.65573573
0.800296913,-0.188354733,-0.305625731,-13.24388307,-121.6452015,-20.90137813
0.428056103,-0.16369085,-0.581884585,-20.92711059,-105.7119055,-53.6604072
0.301231146,-0.64820241,-0.399078044,-65.07487186,-148.3806863,-52.95385116
0.769085594,-0.668870197,-0.091438153,-41.0133337,-172.215612,-6.780184768
0.891645172,-0.274071503,-0.614402197,-17.08624089,-114.0406145,-34.56939826
1.094004989,-0.552739872,-0.621753383,-26.80493122,-131.6371528,-29.61077069
1.091200674,-0.282237038,-0.136700419,-14.50164159,-154.1569519,-7.140542926
1.094968814,-0.293787671,-0.287195118,-15.01911966,-135.6501212,-14.69683868
1.12,0.01,-2.71E-15,0.511555867,-1.55E-11,-1.38E-13
1.249531909,0.137578134,0.022278404,6.283171116,9.198218064,1.021441156
1.085418772,0.561870905,0.121829214,27.36850476,12.23393886,6.404169971
1.127096339,0.744566553,0.174375469,33.44898852,13.18095853,8.794625227
0.942003472,0.847968445,0.687425949,41.99276742,39.0307822,36.12005561
1.619300446,0.572505661,0.086746129,19.47111049,8.615926738,3.066411092
1.18284964,0.636951973,0.115966555,28.30199254,10.31852574,5.599382704
0.904279901,0.464691957,0.045652085,27.19775521,5.610824891,2.890092989
1.488615759,0.244078895,0.61562742,9.311571562,68.37307164,22.4678818
1.01275802,0.304972949,0.011889253,16.75868254,2.232523365,0.672591787
0.905952606,0.078970957,0.123115861,4.981821638,57.32242231,7.738892559
0.825401524,-0.115512415,-0.069282669,-7.966628538,-149.0452819,-4.798053889
0.591411335,-0.176759993,-0.293132276,-16.64026202,-121.0901534,-26.36525663
0.277627259,-0.144026698,0.098443336,-27.41925592,145.6470985,19.52390323
0.227475187,-0.485221669,-0.101179702,-64.88250001,-168.2213164,-23.97923301
0.735904667,-0.404398445,-0.30346357,-28.78992063,-143.1151677,-22.40968616
0.165726679,-0.209840239,-0.711497963,-51.69918545,-106.4322321,-76.8880899
0.685787162,-0.150099937,-0.036633333,-12.34578422,-166.2845393,-3.057715979
0.450817319,-0.553382412,-0.055348719,-50.83174784,-174.2883328,-6.999413084
0.593414047,-0.098032046,-0.140471892,-9.380544477,-124.9102864,-13.31780773
0.759629416,-0.13036866,-0.010177975,-9.738310797,-175.5359321,-0.767637635
0.798620937,0.012127039,0.195603749,0.869968136,86.45231767,13.7623494
0.804144551,0.288058207,0.213498111,19.70838472,36.54447752,14.86884093
0.752037019,0.32534717,0.702192255,23.39433293,65.14026644,43.03691411
1.308141063,-0.029001642,0.670497993,-1.270046143,92.47672116,27.13776538
1.393903609,0.731897236,0.691945319,27.70262546,43.39274662,26.4001833
1.531585436,0.28316006,1.106778481,10.47458973,75.64917722,35.85322345
1.435141437,0.206643903,0.472298487,8.193619401,66.36926648,18.21613906
0.738636221,0.651899443,0.535419692,41.43071294,39.39703218,35.93745583
0.641733306,0.392190689,0.314206719,31.43088746,38.70024282,26.08738496
0.839023597,-0.017667126,0.292863746,-1.206285714,93.45220779,19.24169682
0.583847941,-0.045300814,0.346443082,-4.436695582,97.44971547,30.68400196
0.368469851,-0.212535068,0.405839902,-29.97654175,117.6406866,47.76308816
0.047661931,-0.244914677,0.338962891,-78.98752546,125.8496647,81.99605445
0.064518834,-0.512744186,-0.045769217,-82.82813889,-174.8991112,-35.35162727
-0.26287714,-0.186867917,0.07063372,-144.5926355,159.2940392,164.9601492
0.472014523,-0.64655177,0.493818887,-53.86872155,142.6283802,46.29327259
0.513038118,-0.146991932,0.850955207,-15.98767974,99.80042137,58.91436203
-0.026530133,-0.637042612,0.334161405,-92.38474904,152.3206935,94.5393718
0.240399279,-0.554201798,0.102823995,-66.54997128,169.4891294,23.15744803
0.183338202,-0.407223459,0.360194505,-65.76200055,138.5068179,63.02400725
0.447020707,-0.036260563,0.623580623,-4.637455093,93.32794232,54.36473243
0.452279506,0.132267626,0.723955982,16.30138217,79.64618694,58.00560108
0.519164905,0.435153294,0.733650258,39.96904322,59.32635723,54.71500672
0.489651846,0.225611351,0.800848829,24.73829862,74.26666082,58.55771419
1.051656651,0.553950614,1.219709093,27.77761261,65.57405781,49.23145571
0.994647745,0.518484376,0.899809401,27.53187647,60.04877501,42.13411074
0.70506881,0.249387383,1.264745714,19.47901534,78.84530082,60.86126388
0.800618123,0.91145844,1.644985794,48.70417552,61.0099145,64.0477135
0.951930755,0.411303665,1.268776327,23.36787364,72.03867963,53.1200313
0.685976529,0.032110098,1.07302529,2.680020458,88.28594514,57.40954243
0.550469987,0.284260838,1.102495799,27.3116772,75.54209265,63.46729989
0.23,-0.02,0.99,-4.969740728,91.15733307,76.92087622
0.045503602,-0.121453487,0.858916101,-69.46110215,98.0484472,86.96742287
-0.080885143,-0.06498957,0.518917406,-141.2188299,97.13859389,98.85956474
-0.489809916,-0.31891296,0.838843701,-146.9320357,110.8158836,120.2811182
-0.380384701,-0.475914514,0.235847499,-128.6343329,153.6385054,148.2001096
-0.275864783,-0.936755407,0.241230406,-106.4091562,165.5591235,138.8318751
-0.466710244,-0.707847759,0.490855549,-123.3983438,145.2607072,133.5555761
-0.480326155,-0.684133645,0.642596857,-125.0724643,136.7932094,126.7772566
-0.117849987,-0.640022674,0.680571902,-100.4332391,133.2412695,99.82409838
-0.207010278,-0.113149264,0.74312331,-151.3395281,98.65746117,105.5661287
-0.040468564,-0.065202243,0.885824347,-121.8263089,94.20973803,92.61571819
0.191877272,0.185317544,1.065616124,44.0036798,80.13455834,79.79256978
0.074314771,0.056123965,1.177849541,37.06081433,87.27194705,86.38978831
0.320744385,0.068545035,0.993556444,12.06300248,86.05344197,72.10864813
0.792506291,0.334421746,1.220080467,22.87876853,74.67180135,56.99416152
0.69745391,0.230038028,1.97489993,18.25386902,83.35607857,70.54886218
0.52368228,0.502935042,1.533923752,43.84224885,71.8469831,71.1500715
0.864753656,0.363435422,1.389412895,22.79585887,75.34129932,58.10236899
0.630383727,0.557661528,1.438542247,41.49720181,68.8108106,66.33648233
0.461671714,0.182776886,1.104808291,21.59872575,80.6062058,67.32117167
0.031238449,0.089064806,0.975498368,70.67227134,84.78325285,88.16584022
-0.033249811,-0.162324607,0.914990466,-101.5760703,100.0599363,92.08115384
-0.135451938,-0.168594159,0.728532349,-128.7790956,103.029804,100.532421
-0.615390115,-0.659062019,0.724072068,-133.0374021,132.3089651,130.3612682
-0.262031657,-0.451149261,0.26098367,-120.1484155,149.9512064,135.1148057
-0.955155071,-0.723730878,0.748564957,-142.8484142,134.0336501,141.913832
-0.601766883,-0.535101426,0.383459636,-138.3559562,144.3741951,147.4937798
-0.699026052,-1.079095419,0.230745821,-122.934719,167.9300649,161.7321413
-0.599182768,-0.761891211,0.977680566,-128.182975,127.9287302,121.5025284
-0.667257902,-0.441555089,0.86355378,-146.5055701,117.0817146,127.6928423
-0.38055132,-0.539431085,0.680082954,-125.201741,128.4208971,119.2298943
-0.098671132,-0.295587384,0.995064804,-108.4597183,106.5442311,95.6629661
0.148440218,-0.173857178,1.196891775,-49.50911736,98.26482112,82.93019618
-0.003071743,-0.080534093,1.238750516,-92.18432503,93.71969909,90.14207667
-0.121959902,0.372211108,1.726444388,108.1420685,77.83359201,94.0407896
0.211249918,0.153822377,1.448485713,36.06036794,83.93817657,81.70237406
0.14673517,0.255458178,1.348435242,60.12694169,79.27256876,83.789576
0.752713232,-0.045565821,1.70091041,-3.464197375,91.53453407,66.12890921
0.541120796,0.165210397,1.463348174,16.97803264,83.55864472,69.70647968
0.12456373,0.220674944,1.388437283,60.55670459,80.96908235,84.87343069
-0.021072226,0.207874342,1.275715941,95.78830173,80.74515199,90.94632339
-0.225194012,-0.049920533,1.018983703,-167.500916,92.80470717,102.4619834
-0.383818995,-0.202010046,0.941819891,-152.2414537,102.105895,112.1723246
-0.457749292,-0.534949193,0.600004702,-130.5531878,131.7193981,127.3403544
-0.62773676,-0.340725438,0.444033475,-151.5076006,127.5005335,144.7260852
-1.018882315,-0.185243302,0.813425231,-169.6955905,102.8293088,141.397865
-1.193576385,-0.350062979,0.469467982,-163.6541605,126.7103806,158.528856
-0.674487212,-0.182553461,0.070246831,-164.855442,158.9532042,174.0541667
-0.561334828,-0.821385941,0.684945482,-124.3486858,140.1756126,129.3357198
-0.552257785,-0.8026632,0.613706947,-124.5292073,142.5988922,131.9831649
-0.37549971,-0.517404275,0.634838793,-125.9698013,129.1806121,120.6038176
-0.335270094,-0.204729943,0.623724142,-148.5900153,108.1717996,118.2593386
-0.34,-0.21,0.79,-148.2985703,104.8862668,113.2860649
-0.127103503,0.002041194,1.060910553,179.0799486,89.88976294,96.8318184
-0.227953326,0.134796295,1.125769914,149.4027797,83.1720828,101.4468589
0.171290922,-0.163607707,1.494060881,-43.68575583,96.24929625,83.45971571
0.174472782,0.282659843,1.677223206,58.31489496,80.43391941,84.06117906
-0.376610908,0.775938678,1.646143438,115.8901598,64.76232907,102.8865634
0.470987093,0.044959672,1.817339765,5.452840558,88.58283291,75.47071684
0.178930389,-0.146041337,1.31801365,-39.22100699,96.32281614,82.26892538
-0.177120892,-0.04812716,1.119565153,-164.7986508,92.46147934,98.98997449
-0.33942475,0.088831638,1.188376248,165.3339258,85.72506614,105.9404337
-0.328608254,-0.05216252,0.911708222,-170.9802558,93.27455371,109.8207539
-0.488818217,-0.32009379,0.740478708,-146.7819393,113.3778403,123.430323
-0.87813955,-0.546363774,0.645466622,-148.1108154,130.2466876,143.6826711
-0.786234788,-0.751326696,0.807325554,-136.3005937,132.9423769,134.2417348
-0.990922434,-1.060801392,0.578823093,-133.0493367,151.3810428,149.7097087
-0.760113353,-0.992788333,0.293561034,-127.4389276,163.5273953,158.8830944
-1.371065986,-0.754756904,0.56210633,-151.1676949,143.3230468,157.70747
-0.750306641,-0.102882889,0.222289037,-172.1922299,114.8362964,163.4973264
-1.043286818,-0.745928972,0.593558658,-144.4359989,141.4896534,150.3630919
-0.86190202,-0.477603827,0.589749184,-151.0079469,129.0020157,145.6184441
-0.517278662,-0.117334549,0.687006879,-167.2198325,99.69208409,126.9777504
-0.363441129,0.072601025,0.898359052,168.7032865,85.3796739,112.0263407
-0.329903897,0.148027975,1.210296147,155.8342122,83.02694413,105.247325
-0.200909091,0.318072659,0.925014749,122.2783607,71.0241172,102.2540638
0.337015975,0.824663161,1.619220111,67.77158585,63.01041438,78.24261611
0.520436594,0.107811887,1.13512181,11.70365771,84.57442235,65.36924303
0.346214674,0.826172719,1.534275896,67.2634664,61.69854481,77.28398477
0.688220664,0.545477216,1.789699413,38.40001222,73.04945716,68.96598249
0.677349629,0.022639056,1.264565691,1.914284216,88.97436421,61.82479943
0.123194985,0.287400577,1.661715831,66.79748376,80.18753171,85.76000721
0.076846971,-0.028324424,1.279057417,-20.2329876,91.26859414,86.56174883
0.098111055,-0.178847199,1.169766106,-61.25194009,98.6927171,85.20568818
-0.04917938,-0.317659915,1.004154538,-98.80053326,107.5545404,92.80387244
-0.413706087,-0.508296823,1.023416204,-129.1423669,116.4120637,112.0105442
0.009905611,-0.61290351,0.792487441,-89.07407888,127.7180825,89.28387489
-0.387288751,-0.668500485,0.752019528,-120.0854082,131.6351856,117.2483888
-0.828945382,-1.405227294,0.244659228,-120.536409,170.1234337,163.5562892
-0.783763722,-0.682815563,0.968855818,-138.9375947,125.1748372,128.9714063
-0.412528283,-1.272006295,0.751209108,-107.968557,149.4351638,118.7734952
0.035093917,-0.548889916,0.694961667,-86.34170692,128.3021459,87.10915449
-0.016429483,-0.612103646,0.996935884,-91.5375077,121.5492995,90.9441478
0.085817191,-0.525891196,1.084200004,-80.7319186,115.8757037,85.47432871
0.202449403,-0.328758368,1.179353523,-58.37523844,105.5764239,80.25946618
0.402772318,-0.257613466,1.243911538,-32.60301085,101.7005199,72.05830687
0.278684276,0.177974825,1.046633182,32.56333044,80.34944425,75.08994354
0.389952531,0.01771696,1.483642782,2.601366465,89.31583343,75.27376681
0.440806062,0.49482625,1.424215182,48.30439257,70.84083835,72.80228287
0.72604137,0.177700184,1.325696147,13.75290315,82.36541411,61.29188939
0.828662245,0.428806813,0.994606469,27.36015234,66.67757326,50.20042925
0.292581149,0.50716543,0.968393568,60.019572,62.35812635,73.1888365
0.802409704,-0.306021449,0.899518692,-20.87575322,108.7886006,48.26565378
0.355023584,-0.096852659,1.021928377,-15.25933132,95.41400247,70.84248958
0.38,-0.3,0.86,-38.29016319,109.2306724,66.16125982
0.389753255,-0.542944441,0.761556418,-54.32728331,125.4866105,62.89730829
0.297714159,-0.554693649,0.536340448,-61.77673652,135.9637295,60.96603313
-0.066813598,-0.798941694,0.590912347,-94.78038677,143.512672,96.45095266
-0.14048747,-0.985467857,0.292919447,-98.11336997,163.4459994,115.6229015
0.084805149,-0.341881608,0.805411021,-76.06873579,113.0002961,83.98923219
0.341587182,-0.312452101,0.224767998,-42.44936684,144.2699734,33.34534158
0.49491071,-0.711113502,0.002530529,-55.16340152,179.7961113,0.292956605
0.323954442,-0.30382499,0.385049475,-43.16346694,128.2753615,49.92502474
0.197981879,-0.330359791,0.47310833,-59.06609308,124.9256399,67.29212819
0.483078059,-0.324831923,0.679233582,-33.91772243,115.5586663,54.57916268
0.679390197,-0.09848894,0.746537559,-8.248517364,97.51549552,47.69608361
0.837363889,0.089320327,0.682353267,6.088630471,82.54236101,39.17599216
1.037347125,-0.08365152,1.353908784,-4.610347138,93.53553667,52.5411384
1.133957982,-0.047442231,1.451219256,-2.395728343,91.87240617,51.99653757
1.246130832,0.700963309,1.178485095,29.35826755,59.25580476,43.40188707
1.468295218,0.382019522,0.752374732,14.58382014,63.08074154,27.13122796
0.78412636,0.307588315,1.294222691,21.41852851,76.63096364,58.78972568
0.832271532,0.099624119,1.062659262,6.825910642,84.64418495,51.9320598
1.213227697,0.383147274,1.102988465,17.52654484,70.84420619,42.27509029
0.78371847,0.002036581,0.729114687,0.148889196,89.83996047,42.93287927
0.755034831,-0.104524343,0.648643882,-7.881728953,99.15411316,40.66558965
0.794690345,-0.170584864,0.585084795,-12.11502708,106.2543503,36.36207899
0.661023279,-0.053414657,0.503317546,-4.61980589,96.05784961,37.28643662
-0.027461497,-0.708404369,-0.120066708,-92.21997563,-170.380416,-102.8830184
0.306090729,-0.910013946,0.500742044,-71.40920781,151.1778781,58.56362835
-0.213314894,-0.570034034,0.594373582,-110.5165685,133.8025239,109.7425684
0.69599314,-0.490137442,0.622649672,-35.15425623,128.2091179,41.81646484
0.154375075,-0.685741242,0.087115859,-77.3129924,172.7599858,29.43660121
0.228348146,-0.358131618,0.20260436,-57.47802597,150.5020312,41.5813879
0.519331329,-0.027956254,0.362528317,-3.081329247,94.40961842,34.9176408
0.842636806,-0.030134408,0.559450645,-2.0481409,93.08321655,33.58131982
0.945586317,0.18519372,0.681487839,11.08115622,74.79705835,35.78044328
1.088883796,0.255113156,0.792017199,13.1859228,72.14596087,36.03087368
1.485881256,0.085859837,0.56983673,3.307089306,81.43144519,20.98186147
1.371074376,0.093693891,1.185242636,3.90929308,85.48014553,40.84219094
1.024733138,0.51469293,1.351717069,26.66901547,69.15468187,52.83433015
0.928764098,0.655880617,1.452721345,35.2292202,65.70157981,57.40811728
1.163394435,0.91860569,0.815348411,38.2943012,41.59205064,35.02414509
1.153662075,0.589254953,0.734865637,27.05654159,51.27547802,32.49653212
1.215569892,0.291228432,0.55311539,13.47307545,62.23212613,24.46674915
0.895401571,0.109057249,0.469381137,6.944252141,76.91982165,27.66411224
0.792924159,-0.089102416,0.344102862,-6.411540289,104.5173793,23.45924897
0.593610947,-0.39477928,0.267377247,-33.62578003,145.8908874,24.24799503
0.228642328,-0.425508152,0.198459873,-61.74910659,154.9953368,40.9577424
0.518541799,-0.238692676,-0.295714941,-24.71733443,-128.9094804,-29.69532448
0.485792227,-0.379359639,-0.484506942,-37.98660634,-128.0602625,-44.92410447
0.576495617,-0.129949915,-0.537130895,-12.70293357,-103.6004308,-42.97553873
0.898858056,-0.699496591,-0.267937283,-37.89026228,-159.0410109,-16.59859844
0.940844361,-0.653817462,-0.012645164,-34.79645188,-178.8920085,-0.770022029
0.961638151,-0.269665079,0.404126445,-15.66469736,123.7143486,22.79448008
0.677656724,-0.173083373,0.370909132,-14.32785027,115.0159351,28.69368394
0.9,0.03,0.54,1.909152433,86.82016988,30.96375653
1.158552831,0.323242505,0.484594063,15.58938979,56.29521782,22.69835495
1.347877246,0.1646486,0.824596582,6.9644055,78.70815553,31.457221
0.864821072,0.361280411,0.398169484,22.67281247,47.78086584,24.72166357
1.366352152,0.491924792,0.572105785,19.80028763,49.30943091,22.71956519
1.671662377,0.994288894,0.673657111,30.74377953,34.11868212,21.94876169
0.750784291,0.8314468,0.301647352,47.91842561,19.94067734,21.88909348
1.190377618,0.129492952,0.289041624,6.208398989,65.86724001,13.64814274
0.956247763,0.62266632,0.980795025,33.07039837,57.59021979,45.72604448
1.137627689,0.411791496,0.670980682,19.89893227,58.46189876,30.53239801
0.83095971,0.113545346,0.482314503,7.780914694,76.75277373,30.13219399
0.650056345,-0.056267657,0.440573128,-4.947084707,97.27811178,34.12730188
0.498217188,-0.174332122,0.216116245,-19.28554912,128.8916969,23.45019613
0.133274011,-0.421174987,0.021340751,-72.44086717,177.0993288,9.097364924
0.273053484,-0.511783961,-0.022707945,-61.91862012,-177.4594424,-4.753949117
-0.234411942,-0.171364258,0.113348323,-143.8317422,146.5174884,154.1942225
-0.020352604,-0.060965807,-0.294586904,-108.4608846,-101.6925012,-93.95220628
0.061272933,-0.467517563,0.530374025,-82.53336198,131.3957425,83.40996056
0.594401358,0.073721394,0.085470744,7.070078477,49.22112443,8.182642766
0.479773109,0.008539348,0.261155941,1.01968392,88.12719435,28.5608748
0.644100493,-0.049752155,0.362874411,-4.416918562,97.80690362,29.39611316
0.717339555,0.144795228,0.382220756,11.41183479,69.25200079,28.05007468
0.76035879,0.322855301,0.726984723,23.00652146,66.05390185,43.71457243
0.789894803,0.17917408,1.060892628,12.78029791,80.41378194,53.33022335
1.251218324,0.394317083,1.298649968,17.49206346,73.1098133,46.06567058
0.982627818,0.551047864,1.502585284,29.28327289,69.86033787,56.8169954
0.721636679,0.361701975,0.829670579,26.62115005,66.44479438,48.98367823
1.571774809,0.412951888,1.579179815,14.72061442,75.3454349,45.13464962
0.859617693,0.356118094,0.757520338,22.50300311,64.82130058,41.38744892
1.176000626,0.331627588,0.825992541,15.74824482,68.1250423,35.08321619
0.718463068,0.142137149,0.660095683,11.19060915,77.84815292,42.57557761
0.547845329,0.09257519,0.472963551,9.59126473,78.92526541,40.80456331
0.311964006,-0.09918292,0.136022151,-17.6370555,126.0983119,23.55810359
0.244212666,-0.183640267,0.05712465,-36.9420181,162.7207425,13.16554535
0.041581403,-0.593770085,-0.173196333,-85.99414696,-163.7386044,-76.49979919
-0.415410308,-0.062389638,0.07402001,-171.4587008,130.1267115,169.8967696
-0.146165765,-0.853431163,-0.102637336,-99.71866153,-173.1422965,-144.9235387
0.089014242,-0.326359634,0.492862315,-74.74372622,123.5114114,79.76235879
0.206911124,-0.330807922,-0.209859828,-57.97516996,-147.6095408,-45.40536773
-0.086855168,-0.034108449,0.310232672,-158.5598213,96.27416991,105.6405373
0.115104336,-0.440603595,0.883226917,-75.3591277,116.5126185,82.5749181
0.261484402,-0.114214933,0.898196849,-23.5954379,97.24685259,73.76858705
0.524233488,0.009772494,1.147119929,1.067955054,89.51190012,65.4396125
0.638152665,0.220287261,1.384205804,19.04443021,80.95758222,65.2491449
0.37900201,0.628189866,1.017786995,58.89641204,58.31663705,69.57575034
0.829641379,0.388243084,1.028056542,25.07794646,69.31107674,51.09647873
0.883361534,0.632860962,1.209481407,35.61870148,62.37919337,53.8569573
1.203448273,0.754560135,0.737027621,32.08764603,44.32656141,31.48454565
0.566870253,0.602235665,1.59281115,46.73266691,69.28859085,70.40971448
0.38759051,0.391786692,1.444629872,45.30847857,74.82624756,74.98138461
0.525873352,0.641836614,1.35167203,50.67134991,64.59946226,68.74127966
0.322715402,0.235139549,0.969450942,36.07813705,76.3662433,71.58818775
0.26,0.05,0.93,10.88552705,86.9225446,74.38060786
-0.032444068,-0.257707504,0.934437171,-97.17549749,105.4182714,91.98853573
-0.085578599,-0.377607179,0.825549747,-102.7694585,114.5793982,95.91828835
-0.062134149,-0.072435013,0.573821094,-130.6227172,97.1945503,96.17998891
0.195962161,-0.058237489,0.419305157,-16.551287,97.90725144,64.95097614
-0.773553933,-0.549449354,0.578200488,-144.6141175,133.5394741,143.2233624
-0.596832016,-0.454362685,0.427424735,-142.7183177,136.7497993,144.391434
-0.031326621,-0.076967385,0.7261155,-112.146895,96.05069108,92.47036568
-0.015549445,-0.325249005,0.57663003,-92.73710216,119.4252347,91.5446676
-0.277537827,-0.25821458,0.691176665,-137.0656199,110.4850319,111.8776304
0.059951832,-0.077031999,0.805345093,-52.1073845,95.46377163,85.74261668
0.126785193,0.058733129,0.890902121,24.85588926,86.22820755,81.9005645
0.062721194,0.363530326,1.166821499,80.21092716,72.69525987,86.92309028
0.44774492,0.067472913,0.899308489,8.569704926,85.70927701,63.53234731
0.6771613,0.094088654,1.384748989,7.910356363,86.11293478,63.94073086
0.106341959,0.161616772,1.166993277,56.6555479,82.11526677,84.79331682
0.847098696,0.313466524,2.031228239,20.30685378,81.22711459,67.36202493
0.592139691,0.910477585,1.616639997,56.96156885,60.61216684,69.88332807
0.6984713,0.211109062,1.668748557,16.81714969,82.78995986,67.28776735
0.405158783,0.157498366,1.215177448,21.24271917,82.61509929,71.5608233
0.012055428,0.115236524,1.180606113,84.02774662,84.42513705,89.41496058
-0.010539756,-0.118305187,0.881389792,-95.09101442,97.64487488,90.68511655
-0.070183388,-0.11288509,0.625568141,-121.8702151,100.2290627,96.40132768
-0.135324988,-0.429675384,0.367504136,-107.4816665,139.4594151,110.215075
-0.426643589,-0.793666002,0.739928978,-118.2607243,137.0068177,119.9677805
-0.608942205,-0.439651438,0.090978305,-144.1710146,168.3086389,171.502643
-0.146359071,-0.974170705,-0.051813533,-98.54419423,-176.9554596,-160.5051945
-0.363675847,-0.717567031,0.267539783,-116.8767096,159.5523861,143.659773
-0.819155301,-0.552366095,0.733950432,-146.0077469,126.9648697,138.1401536
-0.423125492,-0.299562418,0.692018907,-144.702447,113.4069102,121.4431301
-0.104164324,-0.058975488,0.996790562,-150.4824406,93.38597909,95.96573954
-0.11902669,-0.094965204,0.971711152,-141.4154547,95.58178332,96.98347702
0.106509109,0.014155684,1.054532113,7.570576821,89.23092696,84.23261053
0.281169192,0.18738989,1.085317265,33.68213286,80.20394488,75.47590168
0.500937722,0.117097526,1.14339041,13.15702234,84.15257955,66.34100126
0.718037118,0.701936495,1.746498394,44.35036946,68.1042748,67.6509874
0.415998783,0.816334607,1.242754831,62.99690618,56.70008805,71.49258553
0.212431909,-0.091631341,1.786582979,-23.33268756,92.93604772,83.21913786
0.115554059,0.145873845,0.957538165,51.61547259,81.33801262,83.11891872
0.300208389,-0.00237326,1.247245054,-0.452935136,90.10902236,76.46650184
-0.162917568,0.363393907,0.975722048,114.1477543,69.57286352,99.47930324
-0.212360261,0.018231369,0.98870278,175.0931242,88.94360356,102.1222014
-0.258273187,-0.141409067,0.885757579,-151.2985274,99.07058853,106.2558663
-0.511889749,-0.214208256,0.913286209,-157.2923667,103.1999351,119.270288
-0.740242367,-0.665310103,0.437423434,-138.0516413,146.67616,149.4203434
-0.568259461,-0.24881626,0.713356026,-156.3534665,109.2286054,128.5408296
-0.395977279,-0.389288279,0.373724019,-135.4880415,136.1685824,136.6560486
-0.678481106,-0.258174988,0.241704165,-159.1672264,136.8871909,160.3919131
-0.348641008,-0.906169585,0.761782953,-111.0438034,139.9474867,114.5918877
-0.947282626,-0.577414769,0.118680058,-148.6356635,168.3853539,172.8589208
-0.628002658,-0.534997292,0.723739774,-139.5722261,126.472265,130.948793
-0.373303944,-0.333324579,0.640346326,-138.2382069,117.4986892,120.2409857
-2.60E-01,-0.15,0.84,-150.0183606,100.1246717,107.1985412
-0.070728568,-0.029830242,0.888018766,-157.1320927,91.92395093,94.55385835
-0.012248183,0.071952473,0.939713345,99.66063111,85.62148955,90.74674842
0.010664674,-0.004178107,1.360571783,-21.3937922,90.17594599,89.55090331
0.408401829,0.363844786,1.053599127,41.69781237,70.94840854,68.81240172
0.022274687,-0.028421676,1.192147048,-51.91342715,91.36571547,88.92958081
-0.039022356,0.006207976,1.823738941,170.9606971,89.80496689,91.22576491
0.266108556,-0.252108734,1.712889664,-43.45251076,98.37286637,81.16932093
-0.193025033,0.400448457,1.156303453,115.7350973,70.89812021,99.47716065
-0.024007135,-0.000782932,1.188528193,-178.1321062,90.03774304,91.15716271
-0.303191825,-0.167185415,0.941285282,-151.1268692,100.0714997,107.8539612
-0.421556745,-0.284378075,0.622430894,-145.996781,114.5548536,124.1087945
-0.672561835,-0.439386632,0.667672825,-146.8432961,123.3483845,135.209007
-0.627479397,-0.334300903,0.13399991,-151.9527399,158.1572991,167.9454046
-0.729581939,-1.074354591,-0.05433765,-124.1799784,-177.1046176,-175.740601
-0.645380297,-1.256259658,0.754408014,-117.1909987,149.014376,130.546297
-0.665466234,-0.903582375,0.425597231,-126.3707339,154.779049,147.3991556
-0.589117055,-0.616929588,0.6259959,-133.6789413,134.5820729,133.2615989
-0.269609362,-0.8427234,0.430381237,-107.74084,152.9464698,122.064803
-0.46430934,-0.480140024,0.842759822,-134.0397087,119.6711788,118.8520876
-0.328020124,-0.569358198,0.987256874,-119.9472166,119.9723606,108.3792778
-0.118612432,-0.350578206,1.215463988,-108.6924124,106.089232,95.57362572
0.215285051,-0.209455427,1.289653571,-44.21365669,99.22498302,80.52286086
0.487116993,0.085814781,1.318266961,9.991205954,86.27549094,69.72006511
0.416017049,0.201780399,1.465098115,25.87473769,82.15828071,74.14801631
-0.041225827,0.426805239,1.622017973,95.51717866,75.25781134,91.45593791
-0.000148572,0.661138688,1.186907897,90.01287555,60.8810514,90.00717202
0.780424356,0.032551816,1.764421,2.388445697,88.94306965,66.13962451
0.245090558,0.099463127,1.079628615,22.08839378,84.73636009,77.20984334
-0.074838102,0.096008022,1.351374665,127.9363591,85.93626578,93.16975898
0.1079564,0.013664848,1.191101716,7.213990726,89.34270622,84.82110425
-0.081611731,-0.125483353,0.934123789,-123.0391282,97.65089422,94.99309044
-0.22580114,-0.321036354,0.74993285,-125.1206632,113.1751279,106.7567931
-0.277154162,-0.550998202,0.48974341,-116.7025674,138.3683643,119.5062628
-0.068240526,-0.452935015,0.590405371,-98.56791042,127.493955,96.5931331
-0.43752952,-0.873126592,0.862264328,-116.6157527,135.3586245,116.9041144
-0.962628045,-0.192896698,0.24515258,-168.6688314,128.1972056,165.7121974
-0.345506895,-0.754191263,-0.034418438,-114.6132615,-177.3870502,-174.311122
-0.644613211,-0.755072281,0.221851879,-130.4877371,163.6263986,161.0084433
-0.467750202,-0.354277471,0.798726485,-142.859442,113.9198203,120.3540929
-0.370953363,-0.2755795,0.709071121,-143.3915173,111.2385457,117.6164932
-0.030707133,-0.294490974,0.762841637,-95.95282755,111.1088175,92.30511768
0.130680106,-0.249827474,0.935774972,-62.38677048,104.9478493,82.05011075
0.503995107,0.015800255,1.202154384,1.795635584,89.2469887,67.25446137
0.623474304,0.027688683,1.286691549,2.542852078,88.76722603,64.14720629
0.976929419,0.394363475,1.759772248,21.98277335,77.36875346,60.96335795
1.043591857,0.036925108,1.655115584,2.026434564,88.7219612,57.76754122
0.328352006,0.046872364,1.157105485,8.124105823,87.68031425,74.15764042
0.31679815,-0.270181971,1.838831677,-40.4592734,98.35873539,80.22490966
0.937137197,0.447266166,1.174372577,25.51367821,69.15039331,51.41049409
0.405286165,-0.131124365,1.279739214,-17.92822312,95.85021223,72.4273002
0.494311857,0.07590731,1.021883659,8.73023372,85.75177117,64.18573133
0.26,-0.18,0.83,-34.69515353,102.2361115,72.60667785
0.106238703,-0.329529986,0.538958906,-72.13095653,121.4424288,78.84891001
-0.116518653,-0.278633182,0.60105226,-112.6936764,114.8712899,100.9711482
0.181960457,-0.89098479,0.546478206,-78.45754998,148.4774707,71.5838259
0.093022692,-0.788049614,0.803650649,-83.26786332,134.4384339,83.39738713
0.271145862,-0.29432865,-0.037667856,-47.34764341,-172.7069933,-7.908968031
-0.242970996,-0.5972961,0.856656874,-112.1357463,124.8857805,105.8347668
-0.188980307,-0.816398607,0.072475155,-103.0332996,174.9269103,159.017862
0.364748316,-0.803938605,0.306141555,-65.59612329,159.1530587,40.00750058
0.40118088,-0.226403018,0.80601678,-29.43784052,105.6895851,63.53897005
0.456968603,-0.223061154,0.825171413,-26.01849974,105.1267155,61.02291784
0.68839379,-0.041387011,0.921540568,-3.440545507,92.57146432,53.2401496
0.946470193,0.170665698,1.03706224,10.22162605,80.65479628,47.61500005
1.066154958,0.055920136,1.288024498,3.002428943,87.51404032,50.38393558
1.18288111,-0.088125744,1.415390108,-4.260717682,93.56278009,50.11355199
0.953224146,0.627060641,1.562058635,33.33816898,68.12788472,58.60696229
1.603996599,0.652561573,1.551715055,22.13820059,67.19119472,44.05085187
1.402310744,0.052508795,1.340115319,2.144408756,87.75616763,43.70081289
1.161072142,0.570794745,1.443021614,26.17919554,68.41846662,51.17943574
1.171450561,0.173463313,1.564234028,8.422904822,83.67212734,53.17056085
0.778256669,0.049907361,1.182068455,3.669189434,87.58238712,56.63967455
0.620465414,-0.134403268,0.947354526,-12.22239678,98.0747902,56.77739358
0.313480973,-0.310789828,0.555278483,-44.75300731,119.2357757,60.55321653
0.228974844,-0.584542856,0.454832003,-68.60892197,142.1135634,63.27806879
0.439707802,-0.563204068,0.390694237,-52.01993231,145.250984,41.62209879
0.035707854,-0.393628494,-0.119416936,-84.81662305,-163.1235288,-73.3523705
0.582928416,-0.838229875,0.000828963,-55.1841723,179.9433376,0.081478379
-0.137008882,-0.468195333,-0.187500768,-106.3111586,-158.1751072,-126.1560121
0.604739677,-0.516505994,0.566120578,-40.50052134,132.3760863,43.11086808
0.25443688,-0.312673326,0.555034105,-50.86314165,119.3943333,65.37248993
0.362629164,-0.236531302,0.53977236,-33.11511306,113.6633046,56.10605605
0.624309264,-0.212163102,0.711165088,-18.76963789,106.6115109,48.72112971
0.821024965,0.073380083,0.946926551,5.107308094,85.56883972,49.07334259
1.172621682,-0.080168048,0.765777738,-3.911026538,95.97643388,33.14644731
1.317015241,0.453562665,0.81386415,19.00303169,60.8692816,31.71445122
1.544892436,0.226748603,1.535372008,8.349859476,81.59910194,44.82291175
1.003316766,0.470945308,1.295590829,25.14481856,70.02387087,52.24548908
1.725507066,0.925574124,1.422416044,28.20942174,56.9477202,39.50035163
1.338021529,0.074579783,1.332105998,3.190299775,86.79556241,44.87306435
1.269740168,0.315007722,0.858712818,13.9331097,69.85508912,34.07010356
0.712045781,0.166717406,0.736945933,13.17777092,77.25269467,45.98450057
0.749099689,0.105540061,0.686826948,8.019572703,81.26407533,42.51677361
0.634703822,-0.13486567,0.458551336,-11.99613125,106.3892677,35.84679601
0.535919636,-0.341602365,0.381218599,-32.51398306,131.8628825,35.42558858
0.180518238,-0.14910876,-0.134414953,-39.55683767,-137.9667381,-36.67158864
0.632018158,-0.975022518,0.135031607,-57.04833864,172.1152181,12.06000832
-0.052894066,-0.205191795,0.072266392,-104.4549372,160.5982725,126.201581
-0.084973166,-0.695504789,-0.030049155,-96.96558021,-177.5260851,-160.5248212
0.37813487,-0.248643351,0.405007719,-33.32700096,121.5467001,46.9652832
0.280776403,-0.120333956,0.375878947,-23.19879941,107.7519573,53.24077461
0.331193363,-0.412838989,0.31194721,-51.26223804,142.9247694,43.28592004
0.621019517,-0.196518901,0.505376521,-17.55974687,111.2488892,39.13818781
0.82,3.25E-15,0.54,2.27E-13,90,33.366366
0.877641858,0.27154747,0.516584731,17.19237003,62.27093075,30.48129629
1.128001607,0.526207562,0.626989191,25.008835,49.99457552,29.06708651
0.925063694,0.318454557,0.863232355,18.99610076,69.75050666,43.01975514
1.565479433,0.360468925,1.104921867,12.96696883,71.93163926,35.21460194
1.378410541,0.886352283,0.547606372,32.74202635,31.70861125,21.6666273
0.968821061,0.484343178,0.675096938,26.56186454,54.3427385,34.86967643
1.153986735,0.010634198,1.122577503,0.527976113,89.45725222,44.2095535
1.592382117,0.411633275,0.660732842,14.49376932,58.07729905,22.5352044
0.95564072,-0.075147268,0.662354226,-4.496228911,96.47280345,34.7258153
0.983495333,0.044100303,0.479455358,2.56744462,84.74472144,25.9892987
0.754938306,-0.143819184,0.24235566,-10.785866,120.6858266,17.79803819
0.7825662,-0.125756722,0.314800979,-9.12925964,111.7757248,21.91332216
0.233742841,-0.608529032,-0.176550418,-68.9876562,-163.8211538,-37.06444554
0.492385531,-0.170520834,-0.040280868,-19.10177221,-166.7090852,-4.676814403
0.13294392,-0.055340371,-0.166687961,-22.60042553,-108.3661565,-51.42548158
0.764581564,-0.139909065,0.268086172,-10.36970044,117.5591981,19.32225963
0.548866164,-0.513448286,0.220302084,-43.09044906,156.7775794,21.86937588
0.78872758,-0.686398665,-0.42312695,-41.03177186,-148.3484558,-28.21212547
0.595914906,-0.241472494,0.18209594,-22.05843325,142.979822,16.99177568
0.871188255,-0.172548614,0.21329141,-11.20308163,128.9721871,13.75701168
0.940401978,-0.021290084,0.481372963,-1.296917342,92.53241795,27.10699864
1.161000414,0.020531554,0.630543619,1.01313384,88.13501257,28.50654864
1.271753222,0.006157887,0.741683024,0.277426591,89.52430782,30.2506208
1.174967729,0.541392577,0.635960516,24.73894085,49.59228093,28.42481591
1.782736664,0.542670199,0.983306192,16.93040068,61.10643049,28.87986329
1.864186941,0.229951606,0.498458915,7.032039457,65.23493847,14.96992969
1.65172663,0.913525795,1.314543345,28.94580718,55.20310455,38.514883
0.927328096,0.349167868,0.545349971,20.63291657,57.37003382,30.45924921
1.428151003,0.302206209,0.634602551,11.94791516,64.53558644,23.9580925
0.920227519,0.107592761,0.495966118,6.668729877,77.7601544,28.32290572
0.824891815,0.09198433,0.393237989,6.362810857,76.8343664,25.48782028
0.599974665,-0.161496604,0.146325111,-15.0653684,137.8216324,13.70604401
0.541579504,-0.26071099,0.000763718,-25.70570131,179.8321602,0.080796606
0.563506057,-0.012303036,-0.250413591,-1.250740884,-92.81272943,-23.95964069
0.164423944,-0.751301813,0.245226519,-77.65533269,161.9232066,56.15821764
0.285440346,-0.405082052,0.042155917,-54.82962946,174.0587522,8.401130223
0.080452827,-0.490902795,0.280597857,-80.69267874,150.2479067,74.00138005
0.000531297,-0.564371999,0.104807142,-89.94606204,169.4796868,89.70955392
0.128398056,-0.202982579,0.161945613,-57.68431351,141.4160804,51.59097385
0.3888675,-0.518501329,0.281262591,-53.13070324,151.5222503,35.87770581
0.603175261,-0.18504749,0.546294229,-17.05543348,108.7128996,42.16705245
0.780768476,0.016484751,0.690860286,1.209534389,88.63311373,41.50389751
0.70460349,0.352830315,0.686338694,26.59942595,62.79338744,44.24767858
1.035618021,0.665488109,0.685443741,32.7247989,45.84629757,33.49935084
1.337443714,0.46029026,0.754722415,18.9912466,58.62181165,29.43613229
1.225438072,0.922465239,0.70569107,36.9711045,37.41619089,29.93628081
1.338884485,0.149001889,1.045332841,6.350207678,81.88769815,37.98090583
1.116801675,0.25940125,1.169409067,13.07631392,77.49301843,46.31818544
0.768071933,0.652530017,1.254086887,40.35019333,62.51101123,58.51440065
0.859895327,0.328330726,0.973486984,20.89817583,71.36214608,48.54536733
0.575621208,0.321462029,1.016383164,29.18165771,72.44886017,60.47526897
0.54,0.13,0.9,13.53585637,81.78079075,59.03624347
0.477922192,-0.138919251,0.622997629,-16.20774052,102.5704592,52.50698753
0.350220108,-0.214533453,0.498721231,-31.49028136,113.2757832,54.92207987
-0.18420491,-0.29587929,0.138122807,-121.9050622,154.9758233,143.1362492
-0.127076078,-0.419597765,0.511921236,-106.8490485,129.3398617,103.9409529
-0.587531428,-0.377169034,-0.159048739,-147.3013425,-157.1352912,-164.8526878
-0.006515307,-0.089943934,-0.243891735,-94.14312208,-110.2432841,-91.53023149
0.2856464,-0.296559508,0.000830386,-46.07384993,179.8395686,0.166560657
0.128652722,-0.045889921,0.569131537,-19.63111803,94.60987082,77.26231618
-0.185320705,0.059023961,0.743518895,162.3335146,85.46111519,103.9956922
0.110659076,0.138102591,0.775115588,51.29544243,79.89760159,81.8750933
0.366922272,0.22767984,0.954083296,31.82011679,76.57811541,68.96420708
0.363173916,0.436593844,1.267640813,50.24514038,70.99555086,74.01320845
0.39624533,0.335461233,1.555518891,40.25124658,77.83004969,75.70869764
0.328047206,0.658894998,1.306764188,63.53244424,63.24190233,75.90780642
0.650717631,0.379473928,1.514131967,30.24912095,75.93025023,66.74376477
0.338486063,0.837671193,0.922882412,67.99735798,47.77096716,69.85845151
0.764260339,0.771623306,1.311862225,45.27467168,59.53641351,59.77591983
0.583657081,0.689638309,1.239947842,49.75797878,60.91791798,64.79311829
0.174882103,0.005648383,1.115464091,1.849909428,89.70987345,81.08971809
0.272292131,0.127024881,1.182454741,25.00915537,83.86853012,77.03216286
0.133604821,-0.128017582,0.94076532,-43.77657063,97.74910553,81.917068
0.113606961,-0.322098912,0.621685391,-70.57183072,117.3889435,79.64402028
-0.18238615,-0.25428013,0.616593141,-125.6505371,112.411022,106.4780376
-0.385929118,-0.820661223,0.481324313,-115.1860091,149.608039,128.7228766
-0.750595933,-0.321414662,0.879810672,-156.8187792,110.0683876,130.4686047
-0.295219414,-0.573326745,-0.065173481,-117.245003,-173.5146853,-167.5508976
-0.380586251,-0.281987598,0.134140925,-143.4641602,154.5596623,160.584552
-0.37317776,-0.497455804,0.549081407,-126.8762296,132.1758928,124.2016004
-0.340452824,-0.290514582,0.518304186,-139.5252712,119.2710582,123.2992749
-0.048626768,-0.277286971,0.478256554,-99.94660357,120.1046037,95.8056014
-0.056298847,-0.021633853,0.776087364,-158.9798228,91.59673722,94.14907662
0.039826234,0.268875321,0.84337663,81.57452121,72.317296,87.29636659
0.029054917,0.427354104,1.027209456,86.1105645,67.41102669,88.37980427
-0.101034243,0.75155766,1.499726249,97.65654707,63.38318159,93.85410467
0.660023756,0.98413352,1.607293273,56.15163198,58.52117939,67.67483781
0.655400346,0.871623354,1.906611882,53.05937105,65.43209912,71.02952468
0.573426044,0.531798125,1.608441939,42.84299223,71.70459784,70.37832772
0.673193151,0.914936275,1.553845266,53.6550543,59.50954211,66.57564723
-0.054638009,0.246177025,1.541476995,102.5137259,80.92636941,92.03001231
-0.117230423,0.500426819,1.044228365,103.184412,64.39480518,96.40549697
-0.017922307,0.142384385,1.032967762,97.1742439,82.15179936,90.9939996
-0.161430276,-0.078401165,0.815705465,-154.0957397,95.49009373,101.1943388
-0.427876026,-0.430797093,0.586999154,-134.8050898,126.2748447,126.0890942
-0.664862299,-0.29817004,0.693106405,-155.8452509,113.2770726,133.8084889
-0.281337964,-0.422041077,0.152988622,-123.6879288,160.0745715,151.463118
-0.726087466,-0.056292346,0.620985661,-175.566822,95.17970506,139.461313
-0.255538453,-0.941999534,0.561072685,-105.1775018,149.2211746,114.4867147
-0.746437921,-0.098851069,0.236416818,-172.4561935,112.6908769,162.4256152
-0.634268636,-0.103399889,0.655731482,-170.7409643,98.96097568,134.0468086
-0.360367937,-0.206457731,0.854386001,-150.1912528,103.5847946,112.8693295
-0.156999713,-0.025191205,0.856367814,-170.8843714,91.68494613,100.3887896
-0.17,-1.00E-14,0.91,-180,90,100.5816355
-0.165820542,0.018557091,1.068664003,173.6145586,89.00517269,98.82003241
0.247487111,0.174143958,1.252959331,35.13208126,82.08737179,78.82664715
0.034091178,0.321594394,1.041999668,83.94885928,72.84810248,88.12611828
-0.013546189,0.570472771,1.445899291,91.36026414,68.46851971,90.53677098
0.616173256,0.428186491,1.161460802,34.79591941,69.7629849,62.05334495
0.107297572,0.343710116,1.341218725,72.66296163,75.62630662,85.42607559
0.091096985,0.113135331,1.475302471,51.15885444,85.61478746,86.46658608
0.204281358,0.016812612,1.116846657,4.704910851,89.13755485,79.63466324
0.118199579,0.18808378,1.244820285,57.85305723,81.40799131,84.57584908
-0.067844725,-0.162837572,0.978682766,-112.6185867,99.44658746,93.96554186
-0.279099046,-0.279988205,0.896295043,-134.9088783,107.3479679,107.2961672
-0.414637272,-0.496805616,0.8689278,-129.8486,119.7585711,115.5096669
-0.689524844,-0.886993265,0.66961685,-127.8605396,142.9497903,135.8391785
-0.632923746,-0.895902511,0.517472661,-125.2398671,149.9892999,140.7308816
-0.127381386,-0.758882382,0.547517963,-99.52849579,144.1903299,103.0970184
-0.003753925,-1.02462731,0.876925657,-90.20991351,139.4414873,90.24526909
-0.637884383,-0.446333842,0.56049019,-145.0191473,128.5312797,138.6951809
-0.549118508,-0.809213192,0.686329522,-124.1601578,139.6972478,128.6626022
-0.374173841,-0.600774689,0.539613726,-121.9154313,138.0699286,124.7378466
-0.114964807,-0.620029002,0.849519026,-100.5043976,126.124169,97.70697621
0.056348358,-0.479788839,0.953720606,-83.30163458,116.7056262,86.61874319
0.12580518,-0.379886917,1.244836696,-71.67694618,106.9706211,84.22919063
0.199361068,-0.242463069,1.443484929,-50.57183905,99.53499903,82.13657126
0.135953382,0.112183986,1.064344626,39.52825947,83.98312977,82.72077877
0.367914984,0.539178516,1.122201523,55.69185413,64.33734618,71.84821345
0.220412761,-0.230648582,1.47910814,-46.29997554,98.86318602,81.52430564
0.733935129,0.226199585,1.641836606,17.12935351,82.1556126,65.91436294
0.738684563,0.350154571,1.065539082,25.36209738,71.80858245,55.2683799
0.265910845,-0.205171155,1.309052215,-37.65301428,98.90764902,78.51760453
0.317472887,-0.039806985,1.29085075,-7.14684972,91.76631546,76.18285802
0.043746021,-0.295685674,1.030883241,-81.58426839,106.0043478,87.57008419
-0.155456644,-0.442544446,0.809444761,-109.3553127,118.6665716,100.8714779
-0.317204205,-0.775858415,0.595394391,-112.2368499,142.4973372,118.0470475
-0.689188804,-0.579754462,0.679428196,-139.9290229,130.4740475,135.4086112
-0.508609701,-0.932855242,0.826350532,-118.6000243,138.4645357,121.611842
-0.075694554,-0.978000234,0.518865528,-94.42571418,152.0523852,98.30002811
-0.255223205,-1.258599424,0.295789269,-101.4631993,166.7746548,130.7894262
-0.673041007,-1.081706241,0.045398819,-121.8900031,177.5967273,176.1410577
-0.488950028,-0.916795101,0.605359856,-118.0721289,146.5632151,128.9278603
-0.24266912,-0.702856864,0.753877283,-109.047801,132.9941019,107.8430932
-0.069432152,-0.345654264,0.786578077,-101.3579471,113.7226316,95.04448966
0.191609766,-0.227734846,0.997180969,-49.92367627,102.8645043,79.12310614
0.451513199,-0.24689159,0.942096009,-28.6702462,104.6850527,64.3932526
0.523030267,0.028767036,1.449426008,3.148136709,88.86298893,70.15785038
0.514199576,-0.2197335,1.793757467,-23.13852813,96.98388113,74.00448934
0.510395105,0.572669924,1.464583787,48.29080882,68.64390225,70.78698472
0.183626158,0.212548295,1.575124117,49.17538757,82.31489106,83.35053895
0.512266383,-0.037655982,1.58778004,-4.204170729,91.35857892,72.11871245
0.660493838,0.128525539,1.249825034,11.01158009,84.12863705,62.14493475
0.294589927,0.01846857,1.157848143,3.587318965,89.08616568,75.72518091
0.190325008,-0.2191759,1.009798754,-49.03004574,102.2460497,79.32621346
0.22,-0.29,0.9,-52.81529355,107.8600941,76.26373169
-0.021322568,-0.591425975,0.694090419,-92.06477955,130.4339117,91.75958209
0.110967607,-0.380559436,0.628146199,-73.74380459,121.2093806,79.98155773
-0.30538986,-0.732125422,0.285351046,-112.6423734,158.7062996,136.9428135
-0.679194149,-0.270434711,0.367084841,-158.2890383,126.3794092,151.6100576
-0.265761649,-1.162774135,0.336601716,-102.8742853,163.8552428,128.2926223
-0.337169545,-0.754138819,0.075498615,-114.0890437,174.283033,167.3785908
-0.224728511,-1.053965106,0.831728676,-102.0364719,141.7215278,105.1199613
-0.338805226,-0.858846094,0.762450189,-111.5286826,138.4025762,113.9586281
0.15461115,-0.543179711,0.673988665,-74.11148024,128.865972,77.08003939
0.338458285,-0.31932258,1.012095109,-43.33366085,107.5108239,71.50936824
0.509999635,0.021033471,1.313605614,2.361661563,89.08265759,68.78159177
0.569510206,-0.107870774,1.463272259,-10.72532191,94.21615351,68.73385455
0.825904722,0.084736093,1.855774508,5.857930048,87.38564648,66.00874379
0.819998047,0.269233348,1.505139691,18.17677358,79.85841858,61.41851201
1.091068722,-0.070454508,1.72127555,-3.694679439,92.34389772,57.63052589
0.858835525,0.123765485,1.059141068,8.200352588,83.33495312,50.96212095
1.318486327,0.400613527,1.260922927,16.90106427,72.3741917,43.72157064
0.553385978,0.043014043,1.308373498,4.444597004,88.1170241,67.07371852
0.711934948,-0.112298666,1.088338974,-8.963822991,95.89113298,56.80936808
0.513638872,-0.130524866,0.983459023,-14.25809059,97.56012357,62.42293147
0.300622054,-0.187046061,0.805061836,-31.88973909,103.0798998,69.5236208
0.330666878,-0.473487403,0.704071504,-55.07091199,123.9207935,64.84292311
-0.081017163,-0.599733226,0.310525934,-97.69343707,152.6260792,104.6226702
-0.096980921,-0.176383381,0.569836237,-118.8033268,107.1990457,99.65867349
-0.191210574,-0.621004717,0.441084722,-107.1138706,144.6147373,113.4367699
-0.510804394,-1.101112898,0.067723979,-114.8865049,176.4804551,172.4476008
0.451207816,-0.678748415,0.408262008,-56.38545271,148.9734115,42.13943564
0.279418008,-0.60060654,0.776214949,-65.05090847,127.7313844,70.20238963
0.017621589,-0.221858678,0.351821402,-85.45869694,122.2355427,87.13263711
0.425601513,-0.343764539,0.463549392,-38.92831523,126.5603373,47.44383112
0.383765501,-0.209446067,0.723830564,-28.62420006,106.1382157,62.06804961
0.50237846,0.013081264,0.932167427,1.491568532,89.19601135,61.67818
0.903122746,-0.05198049,0.991701721,-3.294104228,93.00043816,47.67650608
0.487068078,0.079029419,0.907416637,9.216230904,85.02251211,61.77472265
0.936669559,-0.146673902,1.512123731,-8.899723172,95.54027877,58.22427954
0.511090991,0.749657418,0.90703067,55.71516137,50.42639722,60.59973754
0.70475459,0.632924493,1.29019031,41.92630867,63.86896565,61.35483237
0.570997568,0.581452747,1.686782317,45.51978051,70.98035424,71.29837708
0.954088649,-0.060455668,1.50318813,-3.62569019,92.3030975,57.59629235
0.714294815,-0.067488489,0.999476213,-5.397435985,93.86296813,54.44777768
0.504632815,-0.102668451,0.817095271,-11.49997214,97.1617124,58.3007873
0.417174745,-0.253788475,0.745162379,-31.3142622,108.8078899,60.75797504
0.219732575,-0.440639016,0.340451073,-63.49603596,142.3092371,57.16115419
-0.088660433,-0.483006803,0.172985996,-100.4013881,160.2953188,117.1364801
0.343955363,-0.892901823,0.438709601,-68.93277985,153.8337212,51.90298483
-0.335771064,-0.890799316,0.202654898,-110.6530483,167.1834714,148.8868848
-0.264995954,-0.644658858,0.319224622,-112.3457921,153.6561323,129.6968725
-0.345976161,-0.446098708,0.695920868,-127.7957123,122.6606552,116.4342086
-0.162615202,-0.777029505,0.189029208,-101.8201546,166.3271591,130.7042564
0.578338415,-0.477826123,0.575048362,-39.56368968,129.7242789,44.83656338
0.444138574,-0.262566716,0.523087706,-30.59081378,116.6546115,49.66638078
0.65,-0.23,0.82,-19.48612957,105.6681604,51.5967383
0.686561248,0.028239893,0.860893512,2.35538364,88.1212,51.42769347
0.670856869,0.010819371,1.196323575,0.923968437,89.48183968,60.7177998
0.67402677,-0.189329353,1.588471183,-15.68967701,96.79699951,67.00731238
1.380622725,0.420571087,1.366595976,16.94200436,72.89420642,44.70746176
1.337544983,0.214289311,0.889944848,9.102059672,76.46150688,33.63808444
1.14573049,0.295287877,1.500519154,14.45226478,78.86699561,52.63623707
1.218999101,0.383442905,1.336752513,17.46125677,73.99464192,47.63797371
0.816166244,0.335847878,1.436146143,22.36689398,76.83771355,60.39029828
0.684321971,-0.220108939,1.216667686,-17.83014254,100.254541,60.64416404
0.665584018,-0.22480003,0.928834962,-18.66232185,103.6053148,54.37539547
0.51290604,-0.331715869,0.70154823,-32.89228738,115.3063774,53.82924252
0.290651086,-0.562055421,0.580509286,-62.6555318,134.0746811,63.40365455
0.438813381,-0.87908586,0.798095138,-63.47300106,137.7646537,61.19686514
0.136046106,-0.622219947,0.492104825,-77.66658158,141.6600336,74.54613648
0.250411361,-0.34826795,0.322111612,-54.28313785,137.2343879,52.13830652
0.501639866,-0.583707011,0.292909085,-49.3241202,153.3521175,30.28078926
0.415384347,-0.344321149,0.174576994,-39.65607659,153.1141747,22.79595493
0.293009205,-0.775230292,0.628400364,-69.29520859,140.9718339,65.00140029
0.374505683,-0.191423769,0.359126217,-27.07326328,118.0587955,43.79905784
0.430248243,-0.145546248,0.611739597,-18.68987375,103.3830987,54.88054129
0.525408843,0.046977414,0.804011342,5.1092958,86.65607849,56.83601168
0.536376754,0.240178278,0.841040576,24.12183576,74.06210124,57.47215434
0.702455951,0.483035254,0.748272331,34.51388333,57.15638103,46.80889351
0.668959813,0.284852258,1.212696878,23.06496973,76.78133708,61.11755943
0.767942581,0.634703144,0.941571398,39.57366956,56.01651431,50.79942676
0.697956038,0.867564536,1.489507926,51.18330767,59.78132062,64.89307512
1.051876802,-0.024080245,1.377023203,-1.311423019,91.00183917,52.62461087
0.799901133,0.449466087,0.909463366,29.33172148,63.70094709,48.66737363
0.776909142,0.262022604,0.783386419,18.63734045,71.50623735,45.2378514
0.580471055,0.063731136,0.977108233,6.26552879,86.26821263,59.2867077
0.530284828,-0.187947144,0.683629112,-19.5156898,105.3722881,52.19959538
0.314017399,-0.303533905,0.447644483,-44.02744555,124.1399841,54.95078669
0.419111763,-0.643798228,0.192842415,-56.93592784,163.3250127,24.70818487
-0.103845121,-0.695746603,-0.02412021,-98.48913278,-178.0144596,-166.9237157
0.300741822,-0.219361981,-0.230642747,-36.10712276,-133.564004,-37.48505974
-0.203163273,-1.053940762,0.579212534,-100.9108123,151.2081956,109.3287138
0.480109283,-0.7533613,0.54579341,-57.49106382,144.0775109,48.66340145
-0.307132027,-0.222124165,0.112814518,-144.1247765,153.0744658,159.8309067
0.183189403,-0.301386154,0.422925689,-58.70780821,125.4745086,66.58024945
0.138742747,0.047303526,0.745476909,18.82650885,86.36921878,79.45714892
0.490830595,0.079348238,0.696519072,9.183053892,83.50081908,54.82799844
0.620580542,0.172038673,0.882274703,15.49455217,78.96609718,54.87794542
0.721692146,0.353279859,0.833039316,26.08248809,67.01890541,49.09643008
0.563400418,0.733279933,1.328792443,52.46387358,61.10835861,67.02333246
0.729887621,0.689983289,1.193736572,43.39017185,59.97196,58.55708902
1.191648987,0.249588024,1.569810226,11.82946255,80.96601753,52.79772672
0.685001343,0.047161049,1.134013084,3.938491149,87.61856994,58.86589743
0.76205796,0.378325483,1.191539956,26.40220932,72.38485231,57.39875891
1.238895651,0.660314164,1.456079334,28.05699563,65.60628941,49.60741731
1.005818574,0.187725907,1.259988021,10.57204301,81.52582514,51.4004624
0.550439039,0.188545231,0.931959782,18.90818219,78.5628351,59.43282584
0.49,-0.09,0.73,-10.40771131,97.02839624,56.12918929
0.412991138,-0.111234075,0.557976168,-15.07419957,101.2742689,53.49266909
-0.012202959,-0.150140757,0.02755671,-94.64660344,169.5997326,113.8852368
-0.215286623,-0.634261012,0.220874995,-108.7487057,160.7998436,134.2659312
-0.205615317,-0.807667683,-0.462454863,-104.2829065,-150.2053839,-113.9707468
-0.30928259,-0.346188843,0.25348808,-131.7773695,143.7874842,140.6619462
-0.138118378,-0.832418463,0.3186524,-99.42092743,159.0529972,113.4340925
0.018923818,-0.158570164,0.35918478,-83.19448858,113.8201347,86.98413351
-0.051438739,-0.477733709,0.574440511,-96.14549858,129.7486191,95.11694925
0.110561227,-0.355872867,0.837792795,-72.74122446,113.0145389,82.48227296
0.432048867,-0.108960923,0.77628446,-14.15459334,97.98995783,60.90143808
0.592304348,0.085966353,0.847742187,8.258176998,84.20964378,55.05859574
0.551848748,0.096429562,0.758396883,9.911741395,82.75376992,53.95842898
1.138419883,0.073629054,1.178797618,3.700538401,86.42588296,45.99828337
0.670535666,0.241908697,0.956493621,19.83788843,75.80683456,54.9681933
0.911307199,0.162559536,1.441765738,10.1140762,83.56705111,57.70395433
0.367826813,0.26214357,0.951795893,35.47679032,74.6013819,68.87069833
1.138364574,0.544317366,1.11859766,25.55513694,64.05212485,44.49820524
0.682381191,0.238092139,0.9756841,19.23457892,76.28636541,55.03154223
0.380972548,0.24472247,1.118786532,32.71516738,77.6615033,71.19511038
0.472659928,0.307344239,0.997142103,33.03369066,72.86938785,64.63836456
0.293497087,0.199641516,0.871970707,34.22417748,77.10414791,71.39725409
0.025048546,0.091171831,0.663300691,74.63760093,82.1736376,87.83733934
0.250394201,-0.326637184,0.327408344,-52.52687416,134.9324448,52.59209111
0.250918951,-0.483590911,0.724340754,-62.57672964,123.7282237,70.89339792
-0.298824702,-0.656826651,0.20744254,-114.4632641,162.4725598,145.2318214
-0.341474548,0.097849821,0.021150307,164.0103,12.19688257,176.4557322
-0.078394606,-0.207329847,0.39143594,-110.7123768,117.9085948,101.3250501
-0.235446946,-0.261423399,0.435994477,-132.007293,120.9470093,118.3700565
0.013519612,-0.23953153,0.338327043,-86.76954542,125.2980406,87.71166738
0.068954747,-0.16441805,0.840800047,-67.24747025,101.064538,85.31161528
0.164219326,0.169405473,0.843567904,45.8905825,78.64488827,78.98387871
0.408595995,0.373005199,0.875300528,42.39279474,66.91894984,64.97652674
0.699443941,0.709219657,1.305416031,45.3976097,61.4852029,61.81752481
0.843539166,0.783136636,1.047400033,42.87344181,53.21468817,51.15325295
0.242664137,0.213520521,0.847782896,41.34459414,75.86363137,74.02708733
0.477243516,0.209644132,1.491358209,23.71498391,81.99821408,72.25501859
0.916540506,0.277486527,0.8465108,16.84391089,71.85083867,42.72536489
0.833953193,0.280918058,1.498628038,18.61615531,79.38310368,60.90503462
0.820171198,0.154503242,1.178184467,10.66831433,82.52905058,55.15701184
0.254184439,0.058350486,1.391961502,12.92879866,87.59958853,79.65130936
0.147593868,0.077656965,0.965557045,27.7512387,85.40176347,81.30911047
0.117115483,-0.075445196,0.870969197,-32.78942761,94.95072402,82.34161954
-0.145936237,-0.275174964,0.588653145,-117.9387873,115.0544609,103.9237807
-0.467305676,-0.01978544,0.335173259,-177.5755793,93.37827738,144.3501581
-0.247336742,-0.595809297,0.511203127,-112.5446749,139.3704757,115.819211
-0.276847876,-0.821239074,0.139668338,-108.6294743,170.3480425,153.229289
-0.462656914,-0.488559883,0.097270827,-133.440141,168.739822,168.1268334
0.064651399,0.067350536,0.790736406,46.17140425,85.13161385,85.32583668
-0.261135115,-0.679336298,0.360711017,-111.0266307,152.0327872,125.9024894
-0.422469027,-0.143993873,0.826404235,-161.1788937,99.88406987,117.0767328
-0.090212312,-0.210333485,0.803625538,-113.2145576,104.6670606,96.40501777
0.05,0.01,1.03,11.30993247,89.44374777,87.22083314
0.090354976,0.180342643,1.308280353,63.38828943,82.15140646,86.04920215
0.124002951,0.200274612,1.567449315,58.23567453,82.71871164,85.47667734
0.29977174,0.425667729,1.379575431,54.84530646,72.85240008,77.74061828
0.606743606,0.331747533,1.269174368,28.66839393,75.35129343,64.44932466
0.962140656,0.03724639,1.92034434,2.216927258,88.88884855,63.38798237
0.073498525,0.165419911,0.959045816,66.04371108,80.21369512,85.61758179
0.174770278,0.088472645,1.606619106,26.84955851,86.84804288,83.79169643
0.451677234,0.367524777,0.976854279,39.13486863,69.38204593,65.18515416
0.184556833,0.316359378,1.102392922,59.74168964,73.98783625,80.49597941
0.084840392,-0.03054242,0.981122744,-19.79880368,91.7830458,85.05776986
-0.116013222,-0.152013225,0.877062184,-127.3500945,99.83287352,97.53504485
-0.116607086,-0.156250752,0.763759949,-126.7333088,101.562084,98.6806027
-0.510219185,-0.209578991,0.317331953,-157.668972,123.442403,148.1203619
-0.574490122,-0.1611035,0.517093721,-164.3349807,107.304721,138.0098887
-0.076919056,-0.226985212,0.666312094,-108.7201085,108.8118719,96.58507521
-0.430052552,-0.631224436,0.329762214,-124.2665637,152.4166797,142.5191841
-0.766290708,-0.622211753,0.849057797,-140.9241361,126.234936,132.0668488
-0.332310984,-0.176772132,0.746551614,-151.989349,103.3214265,113.9951826
-0.236345724,-0.570071061,0.775776701,-112.518404,126.3099009,106.943719
-0.073158367,-0.398965211,0.778195977,-100.3909065,117.1432893,95.37060371
-0.024908005,-0.137136506,0.963810362,-100.2943691,98.09801768,91.48038039
0.047090485,-0.159734949,1.150637681,-73.574278,97.90345772,87.6564463
0.537481766,0.109255312,1.610617517,11.4901125,86.11931881,71.54554706
0.154646588,-0.060847963,1.73663752,-21.47788302,92.00669732,84.91126584
0.725148095,-0.064975227,1.164280356,-5.120183062,93.19420376,58.08413382
0.06148692,0.49498285,1.961914728,82.91897389,75.84002143,88.20492287
0.710039141,0.102267671,1.919004763,8.196005268,86.94947694,69.6953325
0.118897178,-0.237493591,1.116491721,-63.40593218,102.0086388,83.92138022
-0.01444357,0.052826063,1.175273683,105.2919213,87.42640827,90.70410318
-0.002652883,-0.233519249,1.11472512,-90.65087767,101.8315672,90.13635533
0.001570434,-0.266776817,0.967089666,-89.66272109,105.4218013,89.90695883
-0.242176377,-0.539084668,0.854504526,-114.1913446,122.2467609,105.8233377
-0.122380614,-0.615787466,0.779621991,-101.2404113,128.3035808,98.92116485
-0.165233393,-0.635327381,0.775608696,-104.5782939,129.322068,102.0263376
-0.134315193,-1.033437881,0.098153647,-97.40518211,174.5744486,143.8417488
-0.538538639,-0.548112636,0.769604719,-134.4952057,125.4584772,124.9827924
-0.017236695,-0.353382978,0.364626623,-92.79245996,134.1028521,92.70648159
-0.654480298,-0.6576983,0.416686376,-134.8594875,147.6435966,147.516415
-0.207640222,-0.919497211,0.333838972,-102.7250565,160.0457177,121.8806694
-0.419948145,-0.336729749,0.807112128,-141.2760886,112.6460527,117.4883906
-0.104408237,-0.276759846,0.97349465,-110.6690893,105.870196,96.12162709
0.081343553,-0.157745553,1.054507544,-62.72151436,98.5078839,85.58900178
0.132734975,-0.068724799,1.072564756,-27.37329271,93.66622651,82.94524471
0.127771679,0.122736538,1.093100527,43.84852692,83.59349488,83.33299456
0.628481235,0.50999634,1.419267013,39.05844022,70.23471703,66.1152315
0.269299399,0.429280898,1.053321762,57.89885065,67.82666562,75.6585819
0.328449986,-0.223240678,1.536867783,-34.20313803,98.26480391,77.93657156
0.754506146,0.252159336,1.835440923,18.47985893,82.17747353,67.65360099
0.589786135,-0.028313639,1.244934721,-2.748466649,91.30285741,64.65080894
0.318314147,-0.197020327,1.445588861,-31.7554084,97.76106366,77.58182268
0.158550863,-0.08990863,1.149223055,-29.55605067,94.4733819,82.14485993
0.01,-0.28,0.96,-87.95459151,106.2602047,89.40319055
-0.080749776,-0.333983777,0.712634426,-103.5919931,115.1106418,96.46470495
-0.088004347,-0.658219386,0.663406784,-97.61531935,134.7751145,97.55646339
-0.764688176,-0.829272286,0.414473466,-132.679758,153.4439412,151.5415848
-0.187672836,-0.443707884,0.745641501,-112.9266535,120.7555506,104.1275093
-0.084415502,-0.372878073,0.193271648,-102.7561111,152.6012096,113.5943228
0.009655237,-1.031352248,0.33628252,-89.46362828,161.9409339,88.35539356
-0.269676116,-1.022947868,0.204122166,-104.7686675,168.7152426,142.8773384
-0.065532201,-0.276877103,0.69293009,-103.3159182,111.7803832,95.40254238
-0.055559443,-0.567581868,0.907732083,-95.59075659,122.0166982,93.5025261
-0.027014661,-0.232456811,0.952127736,-96.62881794,103.7200541,91.62521358
0.162510987,-0.1320369,1.058124963,-39.09316285,97.1128217,81.26851541
0.351198153,-0.036282019,1.284861148,-5.898259873,91.61749327,74.71245054
0.702751813,-0.025832331,1.270718982,-2.105177717,91.16460031,61.05587946
0.311946266,0.474021964,1.064158967,56.65172541,65.98976183,73.66209268
